id,spanish,english,level,partOfSpeech,imageQuery
1,"gato","cat",A1,noun,"cat"
2,"perro","dog",A1,noun,"dog"
3,"casa","house",A1,noun,"house"
4,"correr","to run",A1,verb,"person running"
5,"cocinar","to cook",A1,verb,"person cooking"
6,"banco","bank",A1,noun,"bank building"
7,"avión","airplane",A1,noun,"airplane"
8,"agua","water",A1,noun,"glass of water"
9,"árbol","tree",A1,noun,"green tree"
10,"libro","book",A1,noun,"open book"
11,"mesa","table",A1,noun,"wooden table"
12,"comida","food",A1,noun,"plate of food"
13,"escuela","school",A1,noun,"school building"
14,"pero","but",A1,conjunction,"pero"
15,"porque","because",A1,conjunction,"porque"
16,"escribir","to write",A1,verb,"person writing"
17,"sol","sun",A1,noun,"bright sun sky"
18,"luna","moon",A1,noun,"full moon"
19,"playa","beach",A1,noun,"tropical beach"
20,"familia","family",A1,noun,"happy family"
21,"amigo","friend",A1,noun,"friends smiling"
22,"dormir","to sleep",A1,verb,"person sleeping"
23,"feliz","happy",A1,adjective,"happy face"
24,"música","music",A1,noun,"headphones music"
25,"comer","to eat",A1,verb,"person eating"
26,"beber","to drink",A1,verb,"person drinking water"
27,"manzana","apple",A1,noun,"red apple"
28,"leche","milk",A1,noun,"glass of milk"
29,"pan","bread",A1,noun,"loaf of bread"
30,"café","coffee",A1,noun,"cup of coffee"
31,"té","tea",A1,noun,"cup of tea"
32,"carne","meat",A1,noun,"cooked steak"
33,"pescado","fish",A1,noun,"cooked fish"
34,"fruta","fruit",A1,noun,"fresh fruit basket"
35,"verdura","vegetable",A1,noun,"fresh vegetables"
36,"queso","cheese",A1,noun,"block of cheese"
37,"huevo","egg",A1,noun,"fried egg"
38,"arroz","rice",A1,noun,"bowl of rice"
39,"sopa","soup",A1,noun,"bowl of hot soup"
40,"azúcar","sugar",A1,noun,"bowl of sugar"
41,"sal","salt",A1,noun,"salt shaker"
42,"puerta","door",A1,noun,"wooden door"
43,"ventana","window",A1,noun,"open window"
44,"silla","chair",A1,noun,"wooden chair"
45,"cama","bed",A1,noun,"bedroom bed"
46,"baño","bathroom",A1,noun,"clean bathroom"
47,"cocina","kitchen",A1,noun,"modern kitchen"
48,"jardín","garden",A1,noun,"flower garden"
49,"piso","apartment",A1,noun,"apartment building"
50,"calle","street",A1,noun,"city street"
51,"parque","park",A1,noun,"green park"
52,"tienda","store",A1,noun,"retail store"
53,"mercado","market",A1,noun,"fruit market"
54,"hospital","hospital",A1,noun,"hospital building"
55,"estación","station",A1,noun,"train station"
56,"hotel","hotel",A1,noun,"hotel building"
57,"restaurante","restaurant",A1,noun,"dining restaurant"
58,"coche","car",A1,noun,"modern car"
59,"autobús","bus",A1,noun,"city bus"
60,"tren","train",A1,noun,"passenger train"
61,"bicicleta","bicycle",A1,noun,"bicycle"
62,"taxista","taxi driver",A1,noun,"taxi driver"
63,"zapato","shoe",A1,noun,"pair of shoes"
64,"camisa","shirt",A1,noun,"buttoned shirt"
65,"pantalón","pants",A1,noun,"blue jeans"
66,"vestido","dress",A1,noun,"elegant dress"
67,"sombrero","hat",A1,noun,"sun hat"
68,"reloj","watch",A1,noun,"wrist watch"
69,"bolso","bag",A1,noun,"handbag"
70,"ojo","eye",A1,noun,"human eye"
71,"mano","hand",A1,noun,"human hand"
72,"cabeza","head",A1,noun,"human head"
73,"pie","foot",A1,noun,"human foot"
74,"boca","mouth",A1,noun,"smiling mouth"
75,"pelo","hair",A1,noun,"human hair"
76,"niño","boy",A1,noun,"young boy"
77,"niña","girl",A1,noun,"young girl"
78,"hombre","man",A1,noun,"adult man"
79,"mujer","woman",A1,noun,"adult woman"
80,"padre","father",A1,noun,"father with child"
81,"madre","mother",A1,noun,"mother with child"
82,"hermano","brother",A1,noun,"two brothers"
83,"hermana","sister",A1,noun,"two sisters"
84,"hijo","son",A1,noun,"son smiling"
85,"hija","daughter",A1,noun,"daughter smiling"
86,"abuelo","grandfather",A1,noun,"old grandfather"
87,"abuela","grandmother",A1,noun,"old grandmother"
88,"gordo","fat",A1,adjective,"overweight person"
89,"delgado","thin",A1,adjective,"slim person"
90,"grande","big",A1,adjective,"giant building"
91,"pequeño","small",A1,adjective,"tiny object"
92,"alto","tall",A1,adjective,"tall skyscraper"
93,"bajo","short",A1,adjective,"short plant"
94,"bueno","good",A1,adjective,"thumbs up"
95,"malo","bad",A1,adjective,"thumbs down"
96,"nuevo","new",A1,adjective,"brand new car"
97,"viejo","old",A1,adjective,"vintage old car"
98,"rojo","red",A1,adjective,"red color"
99,"azul","blue",A1,adjective,"blue ocean"
100,"verde","green",A1,adjective,"green grass"
101,"aunque","although",A2,conjunction,"aunque"
102,"sin embargo","however",A2,conjunction,"sin embargo"
103,"viajar","to travel",A2,verb,"traveler with suitcase"
104,"montaña","mountain",A2,noun,"snowy mountain"
105,"ciudad","city",A2,noun,"city skyline"
106,"rápido","fast",A2,adjective,"fast sports car"
107,"aeropuerto","airport",A2,noun,"airport terminal"
108,"maleta","suitcase",A2,noun,"travel suitcase"
109,"pasaporte","passport",A2,noun,"passport book"
110,"billete","ticket",A2,noun,"travel ticket"
111,"vuelo","flight",A2,noun,"airplane flying"
112,"equipaje","luggage",A2,noun,"luggage bags"
113,"mapa","map",A2,noun,"world map"
114,"camino","path",A2,noun,"walking path forest"
115,"pueblo","town",A2,noun,"small village town"
116,"bosque","forest",A2,noun,"dense forest trees"
117,"río","river",A2,noun,"flowing river"
118,"lago","lake",A2,noun,"calm lake water"
119,"isla","island",A2,noun,"tropical island"
120,"mar","sea",A2,noun,"blue sea waves"
121,"campo","countryside",A2,noun,"green countryside field"
122,"lluvia","rain",A2,noun,"rain drops window"
123,"nieve","snow",A2,noun,"falling snow winter"
124,"viento","wind",A2,noun,"windy weather trees"
125,"nube","cloud",A2,noun,"white cloud sky"
126,"fuego","fire",A2,noun,"burning campfire"
127,"tierra","earth",A2,noun,"soil ground"
128,"desierto","desert",A2,noun,"desert sand dunes"
129,"flor","flower",A2,noun,"blooming flower"
130,"hoja","leaf",A2,noun,"green plant leaf"
131,"pájaro","bird",A2,noun,"flying bird"
132,"caballo","horse",A2,noun,"running horse"
133,"vaca","cow",A2,noun,"farm cow"
134,"oveja","sheep",A2,noun,"flock of sheep"
135,"cerdo","pig",A2,noun,"pink farm pig"
136,"león","lion",A2,noun,"male lion"
137,"elefante","elephant",A2,noun,"wild elephant"
138,"mariposa","butterfly",A2,noun,"butterfly flower"
139,"pantalla","screen",A2,noun,"computer monitor"
140,"teclado","keyboard",A2,noun,"computer keyboard"
141,"ratón","computer mouse",A2,noun,"computer mouse"
142,"teléfono","phone",A2,noun,"smartphone"
143,"ordenador","computer",A2,noun,"laptop computer"
144,"cámara","camera",A2,noun,"photo camera"
145,"periódico","newspaper",A2,noun,"printed newspaper"
146,"carta","letter",A2,noun,"envelope letter"
147,"mensaje","message",A2,noun,"text message phone"
148,"trabajo","job",A2,noun,"office worker laptop"
149,"oficina","office",A2,noun,"modern office desk"
150,"jefe","boss",A2,noun,"business manager"
151,"reunión","meeting",A2,noun,"business meeting table"
152,"empresa","company",A2,noun,"corporate office building"
153,"dinero","money",A2,noun,"cash money paper"
154,"tarjeta","credit card",A2,noun,"credit card"
155,"precio","price",A2,noun,"price tag"
156,"compras","shopping",A2,noun,"shopping bags"
157,"regalo","gift",A2,noun,"wrapped gift box"
158,"llave","key",A2,noun,"door key"
159,"caja","box",A2,noun,"cardboard box"
160,"bolsillo","pocket",A2,noun,"jeans pocket"
161,"botella","bottle",A2,noun,"glass bottle"
162,"vaso","drinking glass",A2,noun,"empty glass"
163,"plato","plate",A2,noun,"ceramic dinner plate"
164,"cuchara","spoon",A2,noun,"metal spoon"
165,"tenedor","fork",A2,noun,"metal fork"
166,"cuchillo","knife",A2,noun,"kitchen knife"
167,"servilleta","napkin",A2,noun,"table napkin"
168,"desayuno","breakfast",A2,noun,"morning breakfast table"
169,"almuerzo","lunch",A2,noun,"lunch meal plate"
170,"cena","dinner",A2,noun,"evening dinner table"
171,"camarote","cabin",A2,noun,"ship cabin bedroom"
172,"médico","doctor",A2,noun,"doctor with stethoscope"
173,"enfermera","nurse",A2,noun,"hospital nurse"
174,"medicina","medicine",A2,noun,"medicine pills"
175,"dolor","pain",A2,noun,"person headache pain"
176,"enfermo","sick",A2,adjective,"sick person bed"
177,"sano","healthy",A2,adjective,"healthy athletic person"
178,"cuerpo","body",A2,noun,"human body silhouette"
179,"corazón","heart",A2,noun,"human heart model"
180,"sangre","blood",A2,noun,"blood drop"
181,"canción","song",A2,noun,"singing microphone stage"
182,"película","movie",A2,noun,"cinema movie theater"
183,"teatro","theater",A2,noun,"theater stage curtains"
184,"arte","art",A2,noun,"oil painting canvas"
185,"deporte","sport",A2,noun,"sports equipment balls"
186,"fútbol","soccer",A2,noun,"soccer ball field"
187,"baloncesto","basketball",A2,noun,"basketball hoop"
188,"natación","swimming",A2,noun,"swimmer swimming pool"
189,"carrera","race",A2,noun,"runners track race"
190,"ganador","winner",A2,noun,"winner holding trophy"
191,"tiempo","weather",A2,noun,"sunny weather forecast"
192,"hora","hour",A2,noun,"clock showing time"
193,"minuto","minute",A2,noun,"stopwatch timer"
194,"segundo","second",A2,noun,"digital timer"
195,"ayer","yesterday",A2,adverb,"ayer"
196,"hoy","today",A2,adverb,"hoy"
197,"mañana","tomorrow",A2,adverb,"mañana"
198,"siempre","always",A2,adverb,"siempre"
199,"nunca","never",A2,adverb,"nunca"
200,"quizás","maybe",A2,adverb,"quizás"
201,"desarrollo","development",B1,noun,"technological development"
202,"medio ambiente","environment",B1,noun,"green environment nature"
203,"investigación","research",B1,noun,"scientist laboratory research"
204,"tecnología","technology",B1,noun,"modern technology circuit"
205,"sociedad","society",B1,noun,"diverse group of people"
206,"educación","education",B1,noun,"university graduation"
207,"cultura","culture",B1,noun,"cultural festival traditional"
208,"gobierno","government",B1,noun,"parliament building"
209,"política","politics",B1,noun,"political debate microphone"
210,"economía","economy",B1,noun,"stock market chart"
211,"industria","industry",B1,noun,"factory industrial building"
212,"comercio","trade",B1,noun,"cargo container ship"
213,"mercancía","merchandise",B1,noun,"warehouse goods boxes"
214,"negocio","business",B1,noun,"business handshake"
215,"inversión","investment",B1,noun,"growing money plant"
216,"presupuesto","budget",B1,noun,"budget planning calculator"
217,"impuesto","tax",B1,noun,"tax form coins"
218,"salario","salary",B1,noun,"paycheck cash"
219,"empleo","employment",B1,noun,"job interview shaking hands"
220,"desempleo","unemployment",B1,noun,"unemployed person thinking"
221,"contrato","contract",B1,noun,"signing business contract"
222,"proyecto","project",B1,noun,"architect blueprint project"
223,"objetivo","objective",B1,noun,"target archery bullseye"
224,"estrategia","strategy",B1,noun,"chess strategy game"
225,"solución","solution",B1,noun,"puzzle piece fitting"
226,"problema","problem",B1,noun,"confused person puzzle"
227,"resultado","result",B1,noun,"successful chart growth"
228,"éxito","success",B1,noun,"person celebrating success"
229,"fracaso","failure",B1,noun,"disappointed person desk"
230,"oportunidad","opportunity",B1,noun,"open door sunrise"
231,"riesgo","risk",B1,noun,"warning sign hazard"
232,"seguridad","security",B1,noun,"padlock security shield"
233,"peligro","danger",B1,noun,"danger caution symbol"
234,"saludable","healthy",B1,adjective,"fresh salad fruit"
235,"enfermedad","disease",B1,noun,"virus microscope science"
236,"tratamiento","treatment",B1,noun,"medical therapy doctor"
237,"paciente","patient",B1,noun,"hospital patient bed"
238,"síntoma","symptom",B1,noun,"thermometer fever check"
239,"vacuna","vaccine",B1,noun,"syringe vaccine bottle"
240,"farmacia","pharmacy",B1,noun,"pharmacy store counter"
241,"opinión","opinion",B1,noun,"opinión"
242,"consejo","advice",B1,noun,"two people talking advice"
243,"experiencia","experience",B1,noun,"experience star rating"
244,"conocimiento","knowledge",B1,noun,"brain lightbulb idea"
245,"habilidad","ability",B1,noun,"juggling skilled performance"
246,"esfuerzo","effort",B1,noun,"mountain climber climbing"
247,"memoria","memory",B1,noun,"brain memory thoughts"
248,"pensamiento","thought",B1,noun,"person thinking deeply"
249,"sentimiento","feeling",B1,noun,"heart in hands"
250,"emoción","emotion",B1,noun,"joyful expressive face"
251,"esperanza","hope",B1,noun,"holding glowing light"
252,"miedo","fear",B1,noun,"spooky shadow fear"
253,"tristeza","sadness",B1,noun,"sad person raining window"
254,"alegría","joy",B1,noun,"happy jumping friends"
255,"rabia","anger",B1,noun,"angry frustrated face"
256,"sorpresa","surprise",B1,noun,"surprised open mouth"
257,"vergüenza","shame",B1,noun,"person covering face"
258,"orgullo","pride",B1,noun,"proud person medal"
259,"respeto","respect",B1,noun,"respectful handshake"
260,"confianza","trust",B1,noun,"trusting team trust"
261,"amistad","friendship",B1,noun,"best friends hugging"
262,"relación","relationship",B1,noun,"couple walking together"
263,"matrimonio","marriage",B1,noun,"wedding rings couple"
264,"divorcio","divorce",B1,noun,"broken wedding ring"
265,"vecino","neighbor",B1,noun,"neighbors over fence"
266,"comunidad","community",B1,noun,"community gathering park"
267,"ciudadano","citizen",B1,noun,"person voting ballot box"
268,"ley","law",B1,noun,"scales of justice"
269,"justicia","justice",B1,noun,"gavel judge court"
270,"derecho","right",B1,noun,"derecho"
271,"delito","crime",B1,noun,"handcuffs police"
272,"policía","police",B1,noun,"police car officer"
273,"cárcel","prison",B1,noun,"prison cell bars"
274,"juez","judge",B1,noun,"courtroom judge"
275,"abogado","lawyer",B1,noun,"attorney lawyer suit"
276,"testigo","witness",B1,noun,"courtroom witness stand"
277,"prueba","proof",B1,noun,"magnifying glass evidence"
278,"verdad","truth",B1,noun,"verdad"
279,"mentira","lie",B1,noun,"wooden pinocchio nose"
280,"acuerdo","agreement",B1,noun,"handshake deal"
281,"discusión","argument",B1,noun,"two people arguing"
282,"conflicto","conflict",B1,noun,"clashing swords conflict"
283,"paz","peace",B1,noun,"white dove peace"
284,"guerra","war",B1,noun,"desert military tanks"
285,"ejército","army",B1,noun,"military soldiers marching"
286,"bandera","flag",B1,noun,"national flag flying"
287,"frontera","border",B1,noun,"border checkpoint crossing"
288,"extranjero","foreigner",B1,noun,"traveler looking map"
289,"idioma","language",B1,noun,"speech bubbles world languages"
290,"traducción","translation",B1,noun,"translation dictionary book"
291,"comunicación","communication",B1,noun,"video conference call"
292,"redes sociales","social media",B1,noun,"social media icons phone"
293,"anuncio","advertisement",B1,noun,"city billboard ad"
294,"noticia","news",B1,noun,"newspaper headlines"
295,"radio","radio",B1,noun,"vintage radio speaker"
296,"televisión","television",B1,noun,"modern smart television"
297,"cine","cinema",B1,noun,"popcorn movie theater"
298,"literatura","literature",B1,noun,"classic antique book library"
299,"poesía","poetry",B1,noun,"fountain pen poetry manuscript"
300,"historia","history",B1,noun,"ancient roman ruins"
301,"arquitectura","architecture",B2,noun,"modern architecture skyscraper"
302,"filosofía","philosophy",B2,noun,"thinker statue philosophy"
303,"psicología","psychology",B2,noun,"brain puzzle psychology"
304,"sociología","sociology",B2,noun,"connected people network"
305,"astronomía","astronomy",B2,noun,"stargazing telescope galaxy"
306,"biología","biology",B2,noun,"dna helix biology"
307,"química","chemistry",B2,noun,"chemistry lab flasks"
308,"física","physics",B2,noun,"atom physics orbit"
309,"matemáticas","mathematics",B2,noun,"math formulas blackboard"
310,"geometría","geometry",B2,noun,"geometric compass shapes"
311,"estadística","statistics",B2,noun,"statistical data graph"
312,"algoritmo","algorithm",B2,noun,"computer code algorithm"
313,"inteligencia artificial","artificial intelligence",B2,noun,"ai robot brain glowing"
314,"robótica","robotics",B2,noun,"robotic arm factory"
315,"ciberseguridad","cybersecurity",B2,noun,"digital padlock cyber security"
316,"energía renovable","renewable energy",B2,noun,"wind turbines solar panels"
317,"sostenibilidad","sustainability",B2,noun,"green sprout earth care"
318,"cambio climático","climate change",B2,noun,"melting glacier iceberg"
319,"contaminación","pollution",B2,noun,"smokestack factory smoke"
320,"reciclaje","recycling",B2,noun,"green recycling symbol"
321,"biodiversidad","biodiversity",B2,noun,"coral reef wildlife"
322,"especie","species",B2,noun,"wild tiger jungle"
323,"extinción","extinction",B2,noun,"dinosaur fossil museum"
324,"conservación","conservation",B2,noun,"forest ranger tree planting"
325,"recursos naturales","natural resources",B2,noun,"water waterfall forest"
326,"petróleo","petroleum",B2,noun,"oil rig ocean"
327,"gas natural","natural gas",B2,noun,"gas burner flame"
328,"electricidad","electricity",B2,noun,"lightning electric spark"
329,"infraestructura","infrastructure",B2,noun,"bridge construction highway"
330,"transporte público","public transport",B2,noun,"subway metro train"
331,"urbanismo","urban planning",B2,noun,"futuristic city model"
332,"vivienda","housing",B2,noun,"suburban neighborhood houses"
333,"hipoteca","mortgage",B2,noun,"miniature house key contract"
334,"alquiler","rent",B2,noun,"handing house key lease"
335,"patrimonio","heritage",B2,noun,"historic castle heritage"
336,"turismo","tourism",B2,noun,"tourists taking photos monument"
337,"gastronomía","gastronomy",B2,noun,"gourmet restaurant chef plate"
338,"nutrición","nutrition",B2,noun,"healthy balanced meal"
339,"caloría","calorie",B2,noun,"fitness food count"
340,"metaverso","metaverse",B2,noun,"vr headset virtual reality"
341,"vacaciones","vacation",B2,noun,"resort swimming pool palm trees"
342,"hospedaje","lodging",B2,noun,"boutique hotel reception"
343,"reserva","reservation",B2,noun,"hotel reservation smartphone"
344,"cancelación","cancellation",B2,noun,"red cancelled stamp document"
345,"reembolso","refund",B2,noun,"returning cash money"
346,"garantía","warranty",B2,noun,"warranty certificate stamp"
347,"factura","invoice",B2,noun,"business invoice paper"
348,"recibo","receipt",B2,noun,"paper store receipt"
349,"descuento","discount",B2,noun,"percentage discount tag"
350,"oferta","offer",B2,noun,"special offer sale sign"
351,"competencia","competition",B2,noun,"athletes racing finish line"
352,"liderazgo","leadership",B2,noun,"leader guiding team"
353,"negociación","negotiation",B2,noun,"corporate business meeting table"
354,"colaboración","collaboration",B2,noun,"team working together laptop"
355,"innovación","innovation",B2,noun,"glowing lightbulb creative idea"
356,"emprendedor","entrepreneur",B2,noun,"young entrepreneur presentation"
357,"startup","startup",B2,noun,"rocket launch startup concept"
358,"financiación","financing",B2,noun,"funding coins piggy bank"
359,"capitalismo","capitalism",B2,noun,"stock exchange floor traders"
360,"globalización","globalization",B2,noun,"digital globe connection"
361,"democracia","democracy",B2,noun,"voting ballot box citizen"
362,"libertad de expresión","freedom of speech",B2,noun,"libertad de expresión"
363,"derechos humanos","human rights",B2,noun,"diverse unity hands holding"
364,"igualdad","equality",B2,noun,"balanced equality scale"
365,"diversidad","diversity",B2,noun,"multicultural group smiling"
366,"inclusión","inclusion",B2,noun,"inclusive team circle"
367,"solidaridad","solidarity",B2,noun,"helping hands support"
368,"voluntariado","volunteering",B2,noun,"volunteers planting trees"
369,"donación","donation",B2,noun,"charity donation box"
370,"asociación","association",B2,noun,"nonprofit team meeting"
371,"fundación","foundation",B2,noun,"charity foundation building"
372,"manifestación","demonstration",B2,noun,"peaceful march protest"
373,"huelga","strike",B2,noun,"workers strike rally"
374,"sindicato","labor union",B2,noun,"union rally workers"
375,"reforma","reform",B2,noun,"architect renovating room"
376,"constitución","constitution",B2,noun,"historic legal constitution book"
377,"parlamento","parliament",B2,noun,"parliament chamber debate"
378,"senado","senate",B2,noun,"senate hall seats"
379,"diplomacia","diplomacy",B2,noun,"diplomats shaking hands"
380,"embajada","embassy",B2,noun,"embassy building flags"
381,"tratado","treaty",B2,noun,"signing international treaty"
382,"alianza","alliance",B2,noun,"shaking hands global agreement"
383,"soberanía","sovereignty",B2,noun,"crown national seal"
384,"independencia","independence",B2,noun,"fireworks celebration freedom"
385,"revolución","revolution",B2,noun,"historic monuments crowd"
386,"patriotismo","patriotism",B2,noun,"saluting national flag"
387,"identidad","identity",B2,noun,"fingerprint biometrics identity"
388,"personalidad","personality",B2,noun,"diverse human faces masks"
389,"comportamiento","behavior",B2,noun,"comportamiento"
390,"actitud","attitude",B2,noun,"positive confident posture"
391,"motivación","motivation",B2,noun,"athlete crossing finish line"
392,"inspiración","inspiration",B2,noun,"artist painting outdoor landscape"
393,"creatividad","creativity",B2,noun,"colorful paint splatters art"
394,"imaginación","imagination",B2,noun,"child wearing superhero cape"
395,"curiosidad","curiosity",B2,noun,"child looking through magnifying glass"
396,"sabiduría","wisdom",B2,noun,"wise old owl book"
397,"inteligencia","intelligence",B2,noun,"glowing brain synapse"
398,"conciencia","awareness",B2,noun,"mindful meditation sunrise"
399,"espiritualidad","spirituality",B2,noun,"zen stone balancing water"
400,"filosofía de vida","philosophy of life",B2,noun,"filosofía de vida"
401,"abrir","to open",A1,verb,"hand opening door"
402,"cerrar","to close",A1,verb,"hand closing door"
403,"mirar","to look at",A1,verb,"person looking through binoculars"
404,"escuchar","to listen",A1,verb,"person listening with headphones"
405,"hablar","to speak",A1,verb,"two people talking"
406,"caminar","to walk",A1,verb,"person walking park"
407,"comprar","to buy",A1,verb,"person buying groceries"
408,"vender","to sell",A1,verb,"merchant selling market"
409,"pagar","to pay",A1,verb,"hand paying money cash"
410,"buscar","to search",A1,verb,"person searching with magnifying glass"
411,"encontrar","to find",A1,verb,"finding hidden treasure box"
412,"preguntar","to ask",A1,verb,"student raising hand question"
413,"responder","to answer",A1,verb,"person answering telephone"
414,"entrar","to enter",A1,verb,"person entering door"
415,"salir","to exit",A1,verb,"person exiting building door"
416,"llegar","to arrive",A1,verb,"airplane arriving airport"
417,"llevar","to carry",A1,verb,"person carrying heavy box"
418,"traer","to bring",A1,verb,"waiter bringing food plate"
419,"tomar","to take",A1,verb,"hand taking glass of water"
420,"dar","to give",A1,verb,"giving gift box"
421,"amar","to love",A1,verb,"holding red heart"
422,"gustar","to like",A1,verb,"thumbs up like"
423,"querer","to want",A1,verb,"child wanting ice cream"
424,"necesitar","to need",A1,verb,"thirsty person needing water"
425,"saber","to know",A1,verb,"brain lightbulb knowing"
426,"conocer","to meet",A1,verb,"two people shaking hands"
427,"pensar","to think",A1,verb,"person thinking idea"
428,"creer","to believe",A1,verb,"person praying belief"
429,"esperar","to wait",A1,verb,"person waiting at bus stop"
430,"recordar","to remember",A1,verb,"remembering memory thought"
431,"olvidar","to forget",A1,verb,"forgetful person scratching head"
432,"aprender","to learn",A1,verb,"student studying books"
433,"enseñar","to teach",A1,verb,"teacher teaching blackboard"
434,"estudiar","to study",A1,verb,"student studying desk"
435,"trabajar","to work",A1,verb,"office worker laptop"
436,"jugar","to play",A1,verb,"children playing park"
437,"cantar","to sing",A1,verb,"singer singing microphone"
438,"bailar","to dance",A1,verb,"couple dancing tango"
439,"nadar","to swim",A1,verb,"person swimming pool"
440,"reír","to laugh",A1,verb,"person laughing happily"
441,"llorar","to cry",A1,verb,"person crying tear drops"
442,"sonreír","to smile",A1,verb,"happy smiling face"
443,"ayudar","to help",A1,verb,"helping person up"
444,"limpiar","to clean",A1,verb,"person cleaning window"
445,"lavar","to wash",A1,verb,"washing hands soap water"
446,"cortar","to cut",A1,verb,"scissors cutting paper"
447,"romper","to break",A1,verb,"broken glass plate"
448,"arreglar","to fix",A1,verb,"mechanic fixing car engine"
449,"organizar","to organize",A1,verb,"organizing desk folders"
450,"preparar","to prepare",A1,verb,"chef preparing food"
451,"plato","dish",A1,noun,"ceramic food dish"
452,"taza","mug",A1,noun,"coffee mug cup"
453,"vaso","glass",A1,noun,"clear drinking glass"
454,"cuchillo","kitchen knife",A1,noun,"sharp kitchen knife"
455,"tenedor","eating fork",A1,noun,"metal eating fork"
456,"cuchara","soup spoon",A1,noun,"metal soup spoon"
457,"servilleta","paper napkin",A1,noun,"white paper napkin"
458,"mantel","tablecloth",A1,noun,"dining tablecloth"
459,"cocina","stove",A1,noun,"kitchen gas stove"
460,"horno","oven",A1,noun,"kitchen baking oven"
461,"nevera","refrigerator",A1,noun,"kitchen refrigerator fridge"
462,"microondas","microwave",A1,noun,"kitchen microwave oven"
463,"sartén","frying pan",A1,noun,"black frying pan"
464,"olla","cooking pot",A1,noun,"metal cooking pot"
465,"almuerzo","lunch meal",A1,noun,"sandwich lunch plate"
466,"cena","dinner meal",A1,noun,"family dinner table"
467,"desayuno","breakfast meal",A1,noun,"pancakes breakfast coffee"
468,"merienda","afternoon snack",A1,noun,"fruit snack plate"
469,"postre","dessert",A1,noun,"chocolate cake dessert"
470,"helado","ice cream",A1,noun,"delicious ice cream cone"
471,"pastel","cake",A1,noun,"birthday cake candles"
472,"galleta","cookie",A1,noun,"chocolate chip cookie"
473,"chocolate","chocolate",A1,noun,"dark chocolate bar"
474,"caramelo","candy",A1,noun,"sweet colorful candy"
475,"mermelada","jam",A1,noun,"strawberry jam jar"
476,"mantequilla","butter",A1,noun,"stick of yellow butter"
477,"aceite","cooking oil",A1,noun,"bottle of olive oil"
478,"vinagre","vinegar",A1,noun,"bottle of vinegar"
479,"pimienta","black pepper",A1,noun,"black pepper shaker"
480,"ajo","garlic",A1,noun,"garlic bulb"
481,"cebolla","onion",A1,noun,"fresh yellow onion"
482,"tomate","tomato",A1,noun,"ripe red tomato"
483,"patata","potato",A1,noun,"fresh raw potatoes"
484,"zanahoria","carrot",A1,noun,"fresh orange carrots"
485,"lechuga","lettuce",A1,noun,"fresh green lettuce"
486,"pepino","cucumber",A1,noun,"fresh green cucumber"
487,"maíz","corn",A1,noun,"yellow corn cob"
488,"fresa","strawberry",A1,noun,"fresh red strawberry"
489,"plátano","banana",A1,noun,"yellow banana bunch"
490,"naranja","orange",A1,noun,"fresh ripe orange"
491,"limón","lemon",A1,noun,"yellow lemon fruit"
492,"uva","grape",A1,noun,"bunch of purple grapes"
493,"manzana verde","green apple",A1,noun,"fresh green apple"
494,"sandía","watermelon",A1,noun,"slice of fresh watermelon"
495,"melón","melon",A1,noun,"fresh sweet melon"
496,"piña","pineapple",A1,noun,"fresh tropical pineapple"
497,"melocotón","peach",A1,noun,"fresh ripe peach"
498,"cereza","cherry",A1,noun,"red sweet cherries"
499,"pera","pear",A1,noun,"fresh green pear"
500,"coco","coconut",A1,noun,"tropical coconut palm"
501,"ropa","clothing",A1,noun,"clothing rack shirts"
502,"abrigo","coat",A1,noun,"warm winter coat"
503,"chaqueta","jacket",A1,noun,"leather jacket"
504,"jersey","sweater",A1,noun,"knit winter sweater"
505,"falda","skirt",A1,noun,"women skirt"
506,"calcetín","sock",A1,noun,"pair of socks"
507,"bota","boot",A1,noun,"leather winter boots"
508,"zapatilla","sneaker",A1,noun,"running sneakers shoes"
509,"guante","glove",A1,noun,"winter gloves"
510,"bufanda","scarf",A1,noun,"warm winter scarf"
511,"gora","cap",A1,noun,"baseball cap hat"
512,"cinturón","belt",A1,noun,"leather waist belt"
513,"corbata","tie",A1,noun,"men necktie suit"
514,"pijama","pajamas",A1,noun,"comfortable pajamas"
515,"traje","suit",A1,noun,"business suit tie"
516,"traje de baño","swimsuit",A1,noun,"beach swimsuit"
517,"gafas","glasses",A1,noun,"eyeglasses frame"
518,"gafas de sol","sunglasses",A1,noun,"stylish sunglasses"
519,"anillo","ring",A1,noun,"gold jewelry ring"
520,"collar","necklace",A1,noun,"silver necklace jewelry"
521,"pendiente","earring",A1,noun,"gold hoop earrings"
522,"reloj de pared","wall clock",A1,noun,"analog wall clock"
523,"llave de agua","faucet",A1,noun,"water bathroom faucet"
524,"espejo","mirror",A1,noun,"wall bathroom mirror"
525,"toalla","towel",A1,noun,"folded bath towel"
526,"jabón","soap",A1,noun,"bar of hand soap"
527,"champú","shampoo",A1,noun,"bottle of hair shampoo"
528,"cepillo","brush",A1,noun,"hair brush"
529,"cepillo de dientes","toothbrush",A1,noun,"dental toothbrush"
530,"pasta de dientes","toothpaste",A1,noun,"tube of toothpaste"
531,"peine","comb",A1,noun,"plastic hair comb"
532,"almohada","pillow",A1,noun,"soft bed pillow"
533,"sábana","bedsheet",A1,noun,"clean white bedsheet"
534,"manta","blanket",A1,noun,"cozy warm blanket"
535,"sofá","sofa",A1,noun,"comfortable living room sofa"
536,"sillón","armchair",A1,noun,"comfy leather armchair"
537,"lámpara","lamp",A1,noun,"table reading lamp"
538,"estante","bookshelf",A1,noun,"wooden bookshelf books"
539,"cuadro","painting",A1,noun,"framed wall painting"
540,"alfombra","carpet",A1,noun,"living room area rug"
541,"cortina","curtain",A1,noun,"window drapes curtain"
542,"techo","ceiling",A1,noun,"room ceiling light"
543,"pared","wall",A1,noun,"brick room wall"
544,"suelo","floor",A1,noun,"wooden floor tiles"
545,"escalera","stairs",A1,noun,"wooden indoor staircase"
546,"ascensor","elevator",A1,noun,"modern glass elevator"
547,"pasillo","hallway",A1,noun,"bright house hallway"
548,"garaje","garage",A1,noun,"car garage house"
549,"balcón","balcony",A1,noun,"apartment balcony view"
550,"terraza","terrace",A1,noun,"outdoor patio terrace"
551,"primavera","spring season",A1,noun,"spring flowers blooming"
552,"verano","summer season",A1,noun,"sunny beach summer"
553,"otoño","autumn season",A1,noun,"autumn golden leaves forest"
554,"invierno","winter season",A1,noun,"snowy winter trees"
555,"enero","january",A1,noun,"calendar january"
556,"febrero","february",A1,noun,"calendar february"
557,"marzo","march",A1,noun,"calendar march"
558,"abril","april",A1,noun,"calendar april"
559,"mayo","may",A1,noun,"calendar may"
560,"junio","june",A1,noun,"calendar june"
561,"julio","july",A1,noun,"calendar july"
562,"agosto","august",A1,noun,"calendar august"
563,"septiembre","september",A1,noun,"calendar september"
564,"octubre","october",A1,noun,"calendar october"
565,"noviembre","november",A1,noun,"calendar november"
566,"diciembre","december",A1,noun,"calendar december"
567,"lunes","monday",A1,noun,"lunes"
568,"martes","tuesday",A1,noun,"martes"
569,"miércoles","wednesday",A1,noun,"miércoles"
570,"jueves","thursday",A1,noun,"jueves"
571,"viernes","friday",A1,noun,"viernes"
572,"sábado","saturday",A1,noun,"sábado"
573,"domingo","sunday",A1,noun,"domingo"
574,"mañana temprano","early morning",A1,noun,"early morning sunrise"
575,"tarde","afternoon",A1,noun,"sunny afternoon park"
576,"noche","night time",A1,noun,"starry night sky"
577,"medianoche","midnight",A1,noun,"midnight clock 12"
578,"mediodía","noon",A1,noun,"bright noon sun clock"
579,"semana","week",A1,noun,"weekly calendar page"
580,"mes","month",A1,noun,"monthly calendar page"
581,"año","year",A1,noun,"new year fireworks"
582,"siglo","century",A1,noun,"historical timeline century"
583,"hoy por la mañana","this morning",A1,phrase,"morning coffee window"
584,"esta tarde","this afternoon",A1,phrase,"afternoon walking street"
585,"esta noche","tonight",A1,phrase,"city lights tonight"
586,"ahora","now",A1,adverb,"ahora"
587,"luego","later",A1,adverb,"luego"
588,"antes","before",A1,adverb,"antes"
589,"después","after",A1,adverb,"después"
590,"pronto","soon",A1,adverb,"pronto"
591,"tarde adverbio","late",A1,adverb,"running late clock"
592,"temprano","early",A1,adverb,"early alarm clock"
593,"aquí","here",A1,adverb,"aquí"
594,"allí","there",A1,adverb,"allí"
595,"cerca","near",A1,adverb,"two close objects"
596,"lejos","far",A1,adverb,"distant horizon road"
597,"arriba","up",A1,adverb,"arrow pointing up"
598,"abajo","down",A1,adverb,"arrow pointing down"
599,"dentro","inside",A1,adverb,"box open inside"
600,"fuera","outside",A1,adverb,"outside garden patio"
601,"acostarse","to go to bed",A2,verb,"person going to bed sleep"
602,"levantarse","to get up",A2,verb,"person getting out of bed morning"
603,"ducharse","to take a shower",A2,verb,"person taking shower"
604,"bañarse","to take a bath",A2,verb,"person in bathtub bath"
605,"vestirse","to get dressed",A2,verb,"person putting on jacket"
606,"peinarse","to comb hair",A2,verb,"person combing hair mirror"
607,"afeitarse","to shave",A2,verb,"man shaving beard"
608,"maquillarse","to put on makeup",A2,verb,"woman applying makeup mirror"
609,"despertarse","to wake up",A2,verb,"person waking up stretching"
610,"dormirse","to fall asleep",A2,verb,"person sleeping bed"
611,"sentarse","to sit down",A2,verb,"person sitting chair"
612,"levantarse de la silla","to stand up",A2,verb,"person standing up from chair"
613,"quedarse","to stay",A2,verb,"person staying cozy home"
614,"irse","to leave",A2,verb,"person leaving wave goodbye"
615,"acordarse","to remember",A2,verb,"lightbulb moment memory"
616,"enfermarse","to fall sick",A2,verb,"sick person bed flu"
617,"curarse","to heal",A2,verb,"doctor healing patient"
618,"quejarse","to complain",A2,verb,"person complaining frustrated"
619,"divertirse","to have fun",A2,verb,"friends having fun party"
620,"aburrirse","to get bored",A2,verb,"bored student desk"
621,"preocuparse","to worry",A2,verb,"worried person holding head"
622,"relajarse","to relax",A2,verb,"person relaxing beach hammock"
623,"cansarse","to get tired",A2,verb,"tired runner resting"
624,"asustarse","to get scared",A2,verb,"surprised scared expression"
625,"enamorarse","to fall in love",A2,verb,"romantic couple holding hands"
626,"casarse","to get married",A2,verb,"bride groom wedding"
627,"mudarse","to move house",A2,verb,"moving boxes house truck"
628,"acostumbrarse","to get used to",A2,verb,"person adapting new city"
629,"equivocarse","to make a mistake",A2,verb,"erasing pencil mistake"
630,"sorprenderse","to be surprised",A2,verb,"surprised happy face"
631,"aeropuerto","airport",A2,noun,"airplane airport terminal"
632,"estación de tren","train station",A2,noun,"train platform station"
633,"estación de autobuses","bus station",A2,noun,"bus station passengers"
634,"puerto","harbor",A2,noun,"ships harbor port"
635,"billete","ticket",A2,noun,"bus train travel ticket"
636,"pasaje","boarding pass",A2,noun,"airline boarding pass"
637,"equipaje","luggage",A2,noun,"suitcases baggage travel"
638,"maleta","suitcase",A2,noun,"travel suitcase wheels"
639,"mochila","backpack",A2,noun,"hiking backpack travel"
640,"bolso","handbag",A2,noun,"stylish leather handbag"
641,"mapa","map",A2,noun,"world travel map"
642,"guía turística","tourist guide",A2,noun,"travel guide book"
643,"excursión","excursion",A2,noun,"group hiking nature"
644,"vuelo","flight",A2,noun,"airplane flying sky"
645,"retraso","delay",A2,noun,"airport flight delay sign"
646,"salida","departure",A2,noun,"airport departure board"
647,"llegada","arrival",A2,noun,"airport arrival gate"
648,"aduana","customs",A2,noun,"airport customs security"
649,"pasaporte","passport",A2,noun,"international passport stamps"
650,"visado","visa",A2,noun,"passport visa stamp"
651,"hotel","hotel",A2,noun,"modern hotel exterior"
652,"recepción","reception desk",A2,noun,"hotel lobby reception"
653,"habitación individual","single room",A2,noun,"hotel single bedroom"
654,"habitación doble","double room",A2,noun,"hotel double bedroom bed"
655,"llave de la habitación","room key",A2,noun,"hotel room key card"
656,"ascensor del hotel","hotel elevator",A2,noun,"hotel elevator hall"
657,"piscina","swimming pool",A2,noun,"resort swimming pool"
658,"gimnasio","gym",A2,noun,"fitness gym weights"
659,"restaurante","restaurant",A2,noun,"dining restaurant table"
660,"camarero","waiter",A2,noun,"restaurant waiter serving food"
661,"menú del día","menu of the day",A2,noun,"restaurant menu board"
662,"cuenta","bill check",A2,noun,"restaurant receipt bill"
663,"propina","tip money",A2,noun,"cash tip on table"
664,"plato principal","main course",A2,noun,"gourmet main dish"
665,"entrada","appetizer",A2,noun,"fresh starter salad"
666,"postre del día","dessert of the day",A2,noun,"delicious cake slice"
667,"bebida","beverage",A2,noun,"glass of cold drink"
668,"agua mineral","mineral water",A2,noun,"bottle of mineral water"
669,"zumo de naranja","orange juice",A2,noun,"glass of orange juice"
670,"vino tinto","red wine",A2,noun,"glass of red wine"
671,"vino blanco","white wine",A2,noun,"glass of white wine"
672,"cerveza","beer",A2,noun,"glass of cold beer"
673,"café con leche","coffee with milk",A2,noun,"cup of latte coffee"
674,"té verde","green tea",A2,noun,"cup of green tea"
675,"hielo","ice cubes",A2,noun,"glass with ice cubes"
676,"azúcar","sugar",A2,noun,"sugar bowl spoon"
677,"sal","table salt",A2,noun,"salt shaker table"
678,"pan fresco","fresh bread",A2,noun,"loaf of fresh bread"
679,"sopa caliente","hot soup",A2,noun,"bowl of hot vegetable soup"
680,"ensalada mixta","mixed salad",A2,noun,"fresh mixed salad bowl"
681,"carne de ternera","beef meat",A2,noun,"grilled beef steak"
682,"pollo asado","roast chicken",A2,noun,"roasted chicken platter"
683,"pescado fresco","fresh fish",A2,noun,"grilled salmon fish"
684,"marisco","seafood",A2,noun,"seafood paella dish"
685,"arroz con pollo","chicken rice",A2,noun,"spanish chicken rice paella"
686,"tortilla española","spanish omelette",A2,noun,"spanish potato omelette"
687,"queso manchego","manchego cheese",A2,noun,"spanish manchego cheese wedge"
688,"jamón serrano","cured ham",A2,noun,"sliced spanish cured ham"
689,"aceitunas","olives",A2,noun,"bowl of green olives"
690,"tapas","tapas appetizers",A2,noun,"assorted spanish tapas"
691,"supermercado","supermarket",A2,noun,"grocery supermarket aisles"
692,"tienda de ropa","clothing store",A2,noun,"fashion clothing boutique"
693,"zapatería","shoe store",A2,noun,"shoe shop display"
694,"panadería","bakery",A2,noun,"bakery bread display"
695,"carnicería","butcher shop",A2,noun,"butcher counter meat"
696,"pescadería","fish market",A2,noun,"fresh fish market stall"
697,"frutería","fruit shop",A2,noun,"colorful fruit shop market"
698,"farmacia de guardia","duty pharmacy",A2,noun,"pharmacy green cross sign"
699,"librería","bookstore",A2,noun,"cozy bookstore shelves"
700,"papelería","stationery shop",A2,noun,"notebooks pens stationery shop"
701,"centro comercial","shopping mall",A2,noun,"modern shopping mall interior"
702,"cajero automático","atm machine",A2,noun,"bank atm machine cash"
703,"banco","bank institution",A2,noun,"bank building vault"
704,"oficina de correos","post office",A2,noun,"post office mailbox"
705,"comisaría","police station",A2,noun,"police station building"
706,"hospital","hospital building",A2,noun,"hospital entrance ambulance"
707,"clínica","medical clinic",A2,noun,"doctor clinic waiting room"
708,"dentista","dentist",A2,noun,"dentist chair examination"
709,"veterinario","vet doctor",A2,noun,"vet examining puppy"
710,"peluquería","hair salon",A2,noun,"hair salon hairdresser haircut"
711,"taller mecánico","repair shop",A2,noun,"auto repair mechanic garage"
712,"gasolinera","gas station",A2,noun,"fuel pump gas station"
713,"lavandería","laundromat",A2,noun,"washing machines laundromat"
714,"cine de verano","outdoor cinema",A2,noun,"outdoor movie screen night"
715,"teatro","theater",A2,noun,"theater stage curtains"
716,"museo de arte","art museum",A2,noun,"art museum gallery paintings"
717,"biblioteca pública","public library",A2,noun,"quiet public library study"
718,"parque de atracciones","amusement park",A2,noun,"roller coaster amusement park"
719,"zoológico","zoo",A2,noun,"zoo giraffes animals"
720,"estadio de fútbol","soccer stadium",A2,noun,"packed football stadium"
721,"gimnasio deportivo","sports center",A2,noun,"indoor basketball court"
722,"pista de tenis","tennis court",A2,noun,"outdoor tennis court net"
723,"campo de golf","golf course",A2,noun,"green golf course flag"
724,"playa de arena","sandy beach",A2,noun,"golden sandy beach ocean"
725,"montaña nevada","snowy mountain",A2,noun,"snowy mountain peak"
726,"bosque verde","green forest",A2,noun,"lush green forest trees"
727,"río caudaloso","river",A2,noun,"flowing mountain river"
728,"lago azul","blue lake",A2,noun,"serene blue mountain lake"
729,"isla tropical","tropical island",A2,noun,"tropical island palm beach"
730,"desierto","desert",A2,noun,"sand dunes desert sunset"
731,"soleado","sunny",A2,adjective,"bright sunny day"
732,"nublado","cloudy",A2,adjective,"cloudy sky landscape"
733,"lluvioso","rainy",A2,adjective,"rainy street umbrellas"
734,"tormenta","storm",A2,noun,"thunderstorm lightning sky"
735,"nieve","snow",A2,noun,"snow falling winter"
736,"viento","wind",A2,noun,"wind blowing trees"
737,"niebla","fog",A2,noun,"misty foggy forest"
738,"temperatura","temperature",A2,noun,"outdoor thermometer temperature"
739,"calor","heat",A2,noun,"bright hot sun beach"
740,"frío","coldness",A2,noun,"icicles cold winter"
741,"primaveral","spring-like",A2,adjective,"blooming spring field"
742,"veraniego","summer-like",A2,adjective,"summer pool party"
743,"otoñal","autumnal",A2,adjective,"autumn leaf path"
744,"invernal","wintry",A2,adjective,"wintry snow village"
745,"madrugada","early morning hours",A2,noun,"dark early morning sky"
746,"atardecer","sunset",A2,noun,"golden ocean sunset"
747,"amanecer","sunrise",A2,noun,"mountain sunrise dawn"
748,"horario","schedule",A2,noun,"weekly timetable schedule"
749,"calendario","calendar",A2,noun,"desk wall calendar"
750,"reloj de pulsera","wristwatch",A2,noun,"mens wristwatch arm"
751,"alarma","alarm clock",A2,noun,"bedside alarm clock"
752,"minuto","minute",A2,noun,"stopwatch minute count"
753,"segundo","second",A2,noun,"digital timer seconds"
754,"hora puntual","exact time",A2,noun,"clock hand exact hour"
755,"durante el día","during the day",A2,phrase,"bright daytime street"
756,"por la noche","at night",A2,phrase,"city street night lights"
757,"a medianoche","at midnight",A2,phrase,"clock striking 12 night"
758,"a tiempo","on time",A2,phrase,"person catching train on time"
759,"con retraso","delayed",A2,phrase,"waiting passenger clock"
760,"de repente","suddenly",A2,adverb,"de repente"
761,"por fin","at last",A2,adverb,"celebrating finishing race"
762,"al principio","at first",A2,adverb,"al principio"
763,"al final","in the end",A2,adverb,"finish line banner"
764,"mientras tanto","meanwhile",A2,adverb,"mientras tanto"
765,"sin embargo","however",A2,adverb,"sin embargo"
766,"por lo tanto","therefore",A2,adverb,"por lo tanto"
767,"además","furthermore",A2,adverb,"además"
768,"tampoco","neither",A2,adverb,"tampoco"
769,"todavía","still",A2,adverb,"todavía"
770,"ya no","no longer",A2,adverb,"ya no"
771,"casi siempre","almost always",A2,adverb,"casi siempre"
772,"de vez en cuando","once in a while",A2,adverb,"de vez en cuando"
773,"pocas veces","rarely",A2,adverb,"pocas veces"
774,"en todas partes","everywhere",A2,adverb,"world globe travel"
775,"en ninguna parte","nowhere",A2,adverb,"empty quiet desert"
776,"en algún lugar","somewhere",A2,adverb,"pin point world map"
777,"hacia adelante","forward",A2,adverb,"arrow pointing forward"
778,"hacia atrás","backward",A2,adverb,"arrow pointing backward"
779,"a la izquierda","to the left",A2,phrase,"road sign turn left"
780,"a la derecha","to the right",A2,phrase,"road sign turn right"
781,"todo recto","straight ahead",A2,phrase,"straight highway road"
782,"en la esquina","on the corner",A2,phrase,"street corner building"
783,"al lado de","next to",A2,phrase,"two houses side by side"
784,"enfrente de","in front of",A2,phrase,"person standing in front house"
785,"detrás de","behind",A2,phrase,"cat behind chair"
786,"debajo de","underneath",A2,phrase,"dog sleeping under table"
787,"encima de","on top of",A2,phrase,"cat sitting on top box"
788,"entre dos","between two",A2,phrase,"object between two boxes"
789,"alrededor de","around",A2,phrase,"people sitting around campfire"
790,"a través de","through",A2,phrase,"sunlight shining through window"
791,"amable","kind",A2,adjective,"kind person helping elder"
792,"simpático","nice friendly",A2,adjective,"friendly person smiling"
793,"antipático","unfriendly",A2,adjective,"grumpy person frowning"
794,"inteligente","intelligent",A2,adjective,"smart student lightbulb"
795,"tonto","foolish",A2,adjective,"playful funny expression"
796,"trabajador","hardworking",A2,adjective,"hardworking craftsman"
797,"perezoso","lazy",A2,adjective,"lazy person sleeping couch"
798,"generoso","generous",A2,adjective,"generous person sharing food"
799,"tacaño","stingy",A2,adjective,"person hoarding coins"
800,"divertido","funny amusing",A2,adjective,"funny comedian performance"
801,"admisión","admission",B1,noun,"university admission entrance"
802,"administración","administration",B1,noun,"corporate office administration"
803,"admirar","to admire",B1,verb,"person admiring art painting"
804,"advertencia","warning",B1,noun,"yellow caution warning sign"
805,"advertir","to warn",B1,verb,"person warning caution"
806,"afectar","to affect",B1,verb,"storm affecting trees"
807,"afición","hobby",B1,noun,"gardening hobby plants"
808,"afortunadamente","fortunately",B1,adverb,"afortunadamente"
809,"agente","agent",B1,noun,"travel agent laptop"
810,"agotado","exhausted",B1,adjective,"exhausted person couch"
811,"agradecer","to thank",B1,verb,"shaking hands thank you"
812,"agricultura","agriculture",B1,noun,"green farm agriculture"
813,"ahorro","savings",B1,noun,"piggy bank savings coins"
814,"aislamiento","isolation",B1,noun,"isolated house mountain"
815,"alcanzar","to reach",B1,verb,"reaching for top shelf"
816,"alerta","alert",B1,noun,"red alert bell"
817,"alivio","relief",B1,noun,"relieved person exhaling"
818,"almacén","warehouse",B1,noun,"warehouse shelving boxes"
819,"alquilar","to rent",B1,verb,"handing over house keys"
820,"alterar","to alter",B1,verb,"tailor altering clothes"
821,"alternativa","alternative",B1,noun,"crossroads path choices"
822,"altitud","altitude",B1,noun,"high mountain peak altitude"
823,"amable mente","kindly",B1,adverb,"amable mente"
824,"amenaza","threat",B1,noun,"storm clouds threat"
825,"ampliar","to expand",B1,verb,"magnifying glass zoom"
826,"análisis","analysis",B1,noun,"data charts analysis"
827,"anciano","elderly person",B1,noun,"elderly man walking stick"
828,"angustia","anguish",B1,noun,"distressed person holding face"
829,"aniversario","anniversary",B1,noun,"anniversary celebration cake"
830,"antigüedad","antiquity",B1,noun,"ancient greek statue"
831,"anual","annual",B1,adjective,"yearly calendar 12 months"
832,"apariencia","appearance",B1,noun,"fashion mirror appearance"
833,"apartamento","apartment",B1,noun,"modern apartment building"
834,"aperturar","to open an account",B1,verb,"opening bank account"
835,"aplaudir","to applaud",B1,verb,"audience applauding hands"
836,"aplicación","application",B1,noun,"smartphone mobile app"
837,"apropiado","appropriate",B1,adjective,"formal suit attire"
838,"aprovechar","to take advantage of",B1,verb,"person seizing opportunity"
839,"aproximadamente","approximately",B1,adverb,"aproximadamente"
840,"apoyo","support",B1,noun,"team holding supporting hands"
841,"apreciar","to appreciate",B1,verb,"admiring fine wine"
842,"aprobación","approval",B1,noun,"approved green stamp paper"
843,"argumento","argument plot",B1,noun,"movie story script"
844,"armonía","harmony",B1,noun,"peaceful zen stones harmony"
845,"arrepentirse","to regret",B1,verb,"regretful person head in hands"
846,"arriesgar","to risk",B1,verb,"tightrope walker risk"
847,"artesano","craftsman",B1,noun,"potter making ceramic vase"
848,"artículo","article",B1,noun,"newspaper journal article"
849,"aspecto","aspect",B1,noun,"glowing jewel facets"
850,"aspiración","aspiration",B1,noun,"person looking up to stars"
851,"asamblea","assembly",B1,noun,"conference meeting assembly"
852,"asesor","advisor",B1,noun,"financial advisor meeting"
853,"asistencia","attendance",B1,noun,"audience attending lecture"
854,"asociar","to associate",B1,verb,"puzzle pieces connecting"
855,"asumir","to assume responsibility",B1,verb,"leader taking responsibility"
856,"atención","attention",B1,noun,"person focusing attentively"
857,"atractivo","attractive",B1,adjective,"scenic ocean coastline"
858,"atravesar","to cross through",B1,verb,"walking through tunnel"
859,"atribuir","to attribute",B1,verb,"writing attribution credit"
860,"audiencia","audience",B1,noun,"concert hall audience"
861,"aumento","increase",B1,noun,"growing chart graph"
862,"ausencia","absence",B1,noun,"empty chair desk"
863,"auténtico","authentic",B1,adjective,"authentic vintage clock"
864,"autor","author",B1,noun,"writer with typewriter"
865,"autoridad","authority",B1,noun,"badge official authority"
866,"avance","advance",B1,noun,"forward progress steps"
867,"aventura","adventure",B1,noun,"mountain hiker adventure"
868,"avería","breakdown",B1,noun,"broken down car smoke"
869,"averiguar","to figure out",B1,verb,"detective solving puzzle"
870,"aviso","notice",B1,noun,"bulletin board notice"
871,"bancario","banking",B1,adjective,"credit card banking"
872,"barrio","neighborhood",B1,noun,"charming residential street"
873,"base","foundation",B1,noun,"building concrete base"
874,"bastante","quite enough",B1,adverb,"bastante"
875,"beneficio","benefit",B1,noun,"sprouting plant coins"
876,"bienes","goods assets",B1,noun,"real estate property assets"
877,"biografía","biography",B1,noun,"open biography book"
878,"boceto","sketch",B1,noun,"artist pencil sketch"
879,"boletín","newsletter",B1,noun,"printed newsletter paper"
880,"bondad","kindness",B1,noun,"sharing food kindness"
881,"borde","edge",B1,noun,"cliff edge ocean"
882,"boscaje","woodland",B1,noun,"misty woodland trees"
883,"brillante","brilliant",B1,adjective,"glowing diamond gem"
884,"brindar","to toast celebrate",B1,verb,"cheers wine glasses toast"
885,"broma","joke",B1,noun,"people laughing joke"
886,"búsqueda","search",B1,noun,"search bar magnifying glass"
887,"cabina","cabin",B1,noun,"wooden forest cabin"
888,"cadena","chain",B1,noun,"metal link chain"
889,"cálculo","calculation",B1,noun,"math formulas calculator"
890,"calidad","quality",B1,noun,"quality star seal"
891,"calidez","warmth",B1,noun,"warm cozy fireplace"
892,"calma","calmness",B1,noun,"calm still lake reflection"
893,"campaña","campaign",B1,noun,"marketing strategy campaign"
894,"campo de visión","field of view",B1,noun,"panoramic landscape view"
895,"canción","song",B1,noun,"musical notes song"
896,"candidato","candidate",B1,noun,"job interview candidate"
897,"capacidad","capacity",B1,noun,"full measuring beaker"
898,"capaz","capable",B1,adjective,"climbing summit capable"
899,"capital","capital city",B1,noun,"metropolis skyline city"
900,"capturar","to capture",B1,verb,"camera capturing photo"
901,"carácter","character personality",B1,noun,"confident portrait"
902,"característica","feature",B1,noun,"checklist features list"
903,"cargo","job position",B1,noun,"executive office desk"
904,"carrera","career profession",B1,noun,"university diploma career"
905,"carretera","highway",B1,noun,"scenic open highway road"
906,"carta de presentación","cover letter",B1,noun,"resume cover letter document"
907,"cartel","poster",B1,noun,"movie art poster"
908,"catálogo","catalog",B1,noun,"product catalog magazine"
909,"categoría","category",B1,noun,"organized files category"
910,"causa","cause",B1,noun,"domino effect cause"
911,"celebración","celebration",B1,noun,"confetti party celebration"
912,"centro","center",B1,noun,"city center square"
913,"ceremonia","ceremony",B1,noun,"graduation ceremony stage"
914,"certificado","certificate",B1,noun,"framed achievement certificate"
915,"cifra","figure number",B1,noun,"financial figures statistics"
916,"circulaciòn","traffic flow",B1,noun,"busy city traffic lights"
917,"círculo","circle",B1,noun,"geometric circle shape"
918,"circunstancia","circumstance",B1,noun,"branching path choices"
919,"cita","appointment",B1,noun,"calendar appointment date"
920,"ciudadanía","citizenship",B1,noun,"passport citizenship card"
921,"claridad","clarity",B1,noun,"crystal clear water"
922,"clasificación","classification",B1,noun,"podium 1st 2nd 3rd"
923,"clave","key element",B1,noun,"golden key lock"
924,"cliente","customer client",B1,noun,"happy store customer"
925,"clima","climate",B1,noun,"earth weather satellite"
926,"cobertura","coverage",B1,noun,"satellite network coverage"
927,"código","code",B1,noun,"computer programming code"
928,"coherencia","coherence",B1,noun,"matching puzzle pieces"
929,"colaborar","to collaborate",B1,verb,"team brainstorming together"
930,"colección","collection",B1,noun,"stamp coin collection"
931,"colegio","school",B1,noun,"elementary school building"
932,"colisión","collision",B1,noun,"car collision traffic"
933,"columna","column",B1,noun,"ancient marble column"
934,"combinación","combination",B1,noun,"safe dial combination"
935,"combustible","fuel",B1,noun,"gas pump fuel"
936,"comedia","comedy",B1,noun,"theater comedy mask"
937,"comentario","comment",B1,noun,"speech bubble comment"
938,"comercial","commercial",B1,adjective,"shopping street stores"
939,"comisión","commission",B1,noun,"handshake sales bonus"
940,"comité","committee",B1,noun,"boardroom committee meeting"
941,"compañía","company",B1,noun,"corporate office building"
942,"comparación","comparison",B1,noun,"comparing two apples"
943,"competición","competition",B1,noun,"sports track competition"
944,"complejidad","complexity",B1,noun,"intricate clockwork gears"
945,"comportarse","to behave",B1,verb,"well behaved child"
946,"composición","composition",B1,noun,"orchestra music composition"
947,"comprensión","understanding",B1,noun,"empathetic listening conversation"
948,"compromiso","commitment",B1,noun,"handshake contract pledge"
949,"comunicado","press release",B1,noun,"official statement document"
950,"concentración","concentration",B1,noun,"student meditating focus"
951,"concepto","concept",B1,noun,"glowing idea sketch"
952,"conclusión","conclusion",B1,noun,"puzzle final piece"
953,"concurso","contest",B1,noun,"trophy contest prize"
954,"condición","condition",B1,noun,"fitness health condition"
955,"conductor","driver",B1,noun,"car driver steering wheel"
956,"conducta","conduct",B1,noun,"proper etiquette dinner"
957,"conferencia","conference",B1,noun,"keynote speaker stage"
958,"confirmación","confirmation",B1,noun,"check mark confirm"
959,"confusión","confusion",B1,noun,"confused maze runner"
960,"congreso","congress",B1,noun,"capitol congress hall"
961,"conjunto","set group",B1,noun,"matching cutlery set"
962,"conexión","connection",B1,noun,"digital network nodes"
963,"consecuencia","consequence",B1,noun,"falling dominoes effect"
964,"consejero","counselor",B1,noun,"counselor helping client"
965,"conservar","to preserve",B1,verb,"preserving jam jar"
966,"consideración","consideration",B1,noun,"thoughtful gift giving"
967,"consigna","slogan",B1,noun,"campaign banner slogan"
968,"consolidación","consolidation",B1,noun,"building strong foundation"
969,"constante","constant",B1,adjective,"ticking wall clock"
970,"construcción","construction",B1,noun,"construction crane building"
971,"consulta","consultation",B1,noun,"doctor consulting patient"
972,"consumo","consumption",B1,noun,"energy power meter"
973,"contacto","contact",B1,noun,"smartphone contacts list"
974,"contenedor","container",B1,noun,"shipping cargo container"
975,"contenido","content",B1,noun,"content creator laptop"
976,"contexto","context",B1,noun,"reading book context"
977,"continente","continent",B1,noun,"world map continents"
978,"continuación","continuation",B1,noun,"road continuing forward"
979,"contribución","contribution",B1,noun,"charity contribution coins"
980,"control","control",B1,noun,"game remote control"
981,"convenio","agreement",B1,noun,"official treaty handshake"
982,"conversación","conversation",B1,noun,"two friends talking cafe"
983,"convicción","conviction",B1,noun,"determined passionate speaker"
984,"cooperación","cooperation",B1,noun,"team building bridge"
985,"coordinación","coordination",B1,noun,"synchronized dancers"
986,"copia","copy",B1,noun,"photocopier machine print"
987,"corazón","heart",B1,noun,"red human heart"
988,"coraje","courage",B1,noun,"brave knight shield"
989,"corrección","correction",B1,noun,"red pen teacher correction"
990,"corredor","corridor",B1,noun,"long hotel corridor"
991,"corriente","current stream",B1,noun,"river water current"
992,"corte","cut incision",B1,noun,"scissors cutting ribbon"
993,"costumbre","custom habit",B1,noun,"traditional tea ceremony"
994,"creación","creation",B1,noun,"artist painting canvas"
995,"crecimiento","growth",B1,noun,"sprouting green plant"
996,"crédito","credit",B1,noun,"banking credit card"
997,"criterio","criterion",B1,noun,"evaluation scoring sheet"
998,"crítica","critique",B1,noun,"film critic reviewing"
999,"cuadro de mandos","dashboard",B1,noun,"car dashboard speed"
1000,"cubierta","deck cover",B1,noun,"ship wooden deck ocean"
1001,"abrumador","overwhelming",B2,adjective,"overwhelming mountain wave"
1002,"abstracción","abstraction",B2,noun,"abstract modern painting"
1003,"absurdo","absurd",B2,adjective,"surreal surrealist artwork"
1004,"aceleración","acceleration",B2,noun,"speedometer acceleration car"
1005,"acentuar","to accentuate",B2,verb,"highlighting text marker"
1006,"aclaración","clarification",B2,noun,"clearing up confusion document"
1007,"acogida","reception welcome",B2,noun,"warm welcoming hug"
1008,"acomodación","accommodation",B2,noun,"hotel accommodation bedroom"
1009,"acontecimiento","event occurrence",B2,noun,"historic news event"
1010,"acreditación","accreditation",B2,noun,"official accreditation badge"
1011,"actuación","performance",B2,noun,"stage actor performance"
1012,"adaptabilidad","adaptability",B2,noun,"chameleon changing color"
1013,"adecuación","adequacy",B2,noun,"perfect puzzle piece fit"
1014,"adherirse","to adhere",B2,verb,"glue adhering paper"
1015,"adquisición","acquisition",B2,noun,"company merger acquisition"
1016,"adverso","adverse",B2,adjective,"stormy adverse weather"
1017,"afirmación","affirmation",B2,noun,"thumbs up agreement"
1018,"afrontar","to confront face",B2,verb,"person facing mountain storm"
1019,"agudeza","sharpness acuteness",B2,noun,"sharp eye vision test"
1020,"aislar","to isolate",B2,verb,"soundproofing room insulation"
1021,"alegación","allegation",B2,noun,"courtroom legal claim"
1022,"alineación","alignment",B2,noun,"planets solar alignment"
1023,"alucinación","hallucination",B2,noun,"surreal dream illusion"
1024,"ambigüedad","ambiguity",B2,noun,"foggy fork in road"
1025,"analógico","analog",B2,adjective,"vintage analog clock gears"
1026,"anomalía","anomaly",B2,noun,"odd red puzzle piece anomaly"
1027,"antagonista","antagonist",B2,noun,"chess opponent adversary"
1028,"anticipación","anticipation",B2,noun,"eager child waiting gift"
1029,"antítesis","antithesis",B2,noun,"sun and moon opposition"
1030,"aparente","apparent",B2,adjective,"mirage desert illusion"
1031,"apreciable","appreciable",B2,adjective,"growing plant chart"
1032,"aprobatorio","approving",B2,adjective,"green checkmark seal"
1033,"arbitrario","arbitrary",B2,adjective,"rolling random dice"
1034,"argumentación","argumentation",B2,noun,"debate team speaking"
1035,"armado","armed",B2,adjective,"medieval armor knight"
1036,"arrogancia","arrogance",B2,noun,"pompous haughty expression"
1037,"articulación","articulation",B2,noun,"anatomical joint skeletal"
1038,"artificialidad","artificiality",B2,noun,"glowing neon light plant"
1039,"asegurable","insurable",B2,adjective,"shield protection document"
1040,"asimetría","asymmetry",B2,noun,"asymmetrical geometric shape"
1041,"asimilación","assimilation",B2,noun,"sponge absorbing water"
1042,"asociativo","associative",B2,noun,"connected brain network"
1043,"asombroso","astonishing",B2,adjective,"starry night galaxy view"
1044,"astucia","cunning astuteness",B2,noun,"clever fox animal"
1045,"atenuar","to attenuate soften",B2,verb,"dimming light slider"
1046,"atípico","atypical",B2,adjective,"black sheep unique flock"
1047,"atractivo visual","visual appeal",B2,noun,"stunning colorful artwork"
1048,"atributo","attribute",B2,noun,"golden crown royalty emblem"
1049,"audaz","bold daring",B2,adjective,"rock climber brave leap"
1050,"autonomía","autonomy",B2,noun,"bird flying out cage"
1051,"avanzado","advanced",B2,adjective,"futuristic quantum computer"
1052,"avistamiento","sighting",B2,noun,"spotting whale ocean"
1053,"balance","balance sheet",B2,noun,"financial balance scale"
1054,"banca","banking sector",B2,noun,"financial district bank"
1055,"bancarrota","bankruptcy",B2,noun,"broken piggy bank empty"
1056,"barrera","barrier",B2,noun,"roadblock barrier sign"
1057,"bastan","sufficient",B2,adjective,"filled measure cup"
1058,"bienestar","wellbeing",B2,noun,"peaceful yoga sunrise"
1059,"bipolaridad","bipolarity",B2,noun,"two contrasting masks drama"
1060,"bomba","pump",B2,noun,"water pump industrial"
1061,"brote","outbreak",B2,noun,"green sprout soil"
1062,"búsqueda activa","active search",B2,noun,"magnifying glass map search"
1063,"cableado","wiring",B2,noun,"complex electrical wiring"
1064,"caducidad","expiration",B2,noun,"calendar expiration date"
1065,"calibración","calibration",B2,noun,"precision dial tuning"
1066,"camuflaje","camouflage",B2,noun,"chameleon camouflage leaf"
1067,"canalización","channeling",B2,noun,"water canal aqueduct"
1068,"cáncer","cancer research",B2,noun,"medical research microscope"
1069,"candidatura","candidacy",B2,noun,"election ballot box"
1070,"caos","chaos",B2,noun,"chaotic swirling colors"
1071,"capitalismo feroz","wild capitalism",B2,noun,"stock market ticker exchange"
1072,"cápsula","capsule",B2,noun,"space capsule orbit"
1073,"caracterización","characterization",B2,noun,"theatrical makeup stage"
1074,"carencia","shortage lack",B2,noun,"dry cracked desert earth"
1075,"carga","cargo load",B2,noun,"freight ship container"
1076,"cátedra","professorship",B2,noun,"university lecture auditorium"
1077,"cauce","riverbed channel",B2,noun,"winding riverbed rocks"
1078,"cautela","caution",B2,noun,"walking carefully ice"
1079,"cavidad","cavity",B2,noun,"deep cave opening"
1080,"celeste","celestial",B2,adjective,"celestial star galaxy"
1081,"célula","biological cell",B2,noun,"microscopic living cell"
1082,"censura","censorship",B2,noun,"censored document bar"
1083,"certeza","certainty",B2,noun,"solid concrete block"
1084,"chasis","chassis",B2,noun,"car metal chassis frame"
1085,"ciclón","cyclone",B2,noun,"whirling ocean cyclone"
1086,"circuito","electronic circuit",B2,noun,"microchip circuit board"
1087,"circular","circular",B2,adjective,"circular geometric design"
1088,"circulante","circulating",B2,adjective,"currency paper cash"
1089,"citación","subpoena citation",B2,noun,"official court document"
1090,"civilización","civilization",B2,noun,"ancient maya pyramid"
1091,"clamor","clamor",B2,noun,"cheering crowd stadium"
1092,"clarividencia","clairvoyance",B2,noun,"glowing crystal ball"
1093,"cláusula","contract clause",B2,noun,"legal contract document"
1094,"cohesión","cohesion",B2,noun,"united team hands"
1095,"coincidencia","coincidence",B2,noun,"two identical clocks"
1096,"colectivo","collective",B2,noun,"group community unity"
1097,"colosal","colossal",B2,adjective,"massive giza pyramid"
1098,"columna vertebral","spine",B2,noun,"human spine skeleton"
1099,"combustión","combustion",B2,noun,"flaming fire combustion"
1100,"cometa","comet",B2,noun,"glowing comet sky"
1101,"compartimento","compartment",B2,noun,"luggage compartment train"
1102,"compatibilidad","compatibility",B2,noun,"puzzle pieces locking"
1103,"compensación","compensation",B2,noun,"scales of balance equal"
1104,"competitividad","competitiveness",B2,noun,"sprinters starting block"
1105,"complementario","complementary",B2,adjective,"yin yang harmony"
1106,"complicidad","complicity",B2,noun,"secret wink allies"
1107,"componente","component",B2,noun,"electronic component chip"
1108,"comprensible","comprehensible",B2,adjective,"clear chalk diagram"
1109,"comprensivo","understanding",B2,adjective,"comforting friend hand"
1110,"comprobación","verification",B2,noun,"checklist green tick"
1111,"computación","computing",B2,noun,"supercomputer server rack"
1112,"comunicador","communicator",B2,noun,"radio tower antenna"
1113,"conceder","to grant award",B2,verb,"handing golden trophy"
1114,"concentración mental","mental focus",B2,noun,"chess grandmaster focus"
1115,"concepción","conception notion",B2,noun,"architect sketch model"
1116,"concesión","concession grant",B2,noun,"signing franchise license"
1117,"concilio","council",B2,noun,"council table delegates"
1118,"conciso","concise",B2,adjective,"bullet points list"
1119,"conclusión lógica","logical conclusion",B2,noun,"puzzle complete picture"
1120,"concreción","concretion",B2,noun,"solid rock formation"
1121,"concurrencia","concurrency",B2,noun,"simultaneous computer threads"
1122,"condena","sentence conviction",B2,noun,"courtroom gavel judgment"
1123,"condensación","condensation",B2,noun,"water droplets glass"
1124,"condescendencia","condescension",B2,noun,"smug facial expression"
1125,"conductividad","conductivity",B2,noun,"copper wire electricity"
1126,"conectividad","connectivity",B2,noun,"global wifi connection"
1127,"confección","tailoring",B2,noun,"sewing machine fabric"
1128,"confidencialidad","confidentiality",B2,noun,"padlock secret envelope"
1129,"configuración","configuration",B2,noun,"settings gear wheel"
1130,"confinamiento","confinement",B2,noun,"cozy room indoor"
1131,"confirmatorio","confirmatory",B2,adjective,"approved green stamp"
1132,"confiscación","confiscation",B2,noun,"customs inspector boxes"
1133,"conformidad","conformity",B2,noun,"identical paper cutouts"
1134,"confortable","comfortable",B2,adjective,"plush cozy armchair"
1135,"confrontación","confrontation",B2,noun,"two rams clashing horns"
1136,"congelación","freezing",B2,noun,"frozen lake ice"
1137,"congestión","congestion",B2,noun,"heavy highway traffic jam"
1138,"conglomerado","conglomerate",B2,noun,"skyscrapers business district"
1139,"conjetura","conjecture",B2,noun,"detective evidence board"
1140,"conjunción","conjunction",B2,noun,"planets moon alignment"
1141,"conmemoración","commemoration",B2,noun,"memorial statue flowers"
1142,"conmoción","commotion shock",B2,noun,"gasping surprised audience"
1143,"connotación","connotation",B2,noun,"speech bubble symbol"
1144,"consecutivo","consecutive",B2,adjective,"numbered domino tiles"
1145,"consenso","consensus",B2,noun,"unanimous raised hands"
1146,"consentimiento","consent",B2,noun,"signing consent form"
1147,"consecución","achievement",B2,noun,"climbing summit flag"
1148,"consecuente","consistent",B2,adjective,"steady line graph"
1149,"conservación natural","nature conservation",B2,noun,"national park forest"
1150,"consignación","consignment",B2,noun,"cargo shipment boxes"
1151,"consistencia","consistency",B2,noun,"thick ceramic clay"
1152,"conspiración","conspiracy",B2,noun,"whispering in shadow"
1153,"constancia","perseverance",B2,noun,"marathon runner grit"
1154,"constelación","constellation",B2,noun,"night sky star pattern"
1155,"constituyente","constituent",B2,noun,"voter ballot box"
1156,"constricción","constriction",B2,noun,"tightened rope knot"
1157,"construcción naval","shipbuilding",B2,noun,"shipyard vessel crane"
1158,"cónsul","consul",B2,noun,"consulate diplomatic office"
1159,"contaminante","pollutant",B2,noun,"factory exhaust chimney"
1160,"contemplación","contemplation",B2,noun,"person viewing mountain horizon"
1161,"contemporáneo","contemporary",B2,adjective,"modern architecture glass"
1162,"contenido digital","digital content",B2,noun,"video editing screen"
1163,"contingencia","contingency",B2,noun,"emergency fire exit"
1164,"continuo","continuous",B2,adjective,"endless winding road"
1165,"contradicción","contradiction",B2,noun,"two opposite direction arrows"
1166,"contraindicación","contraindication",B2,noun,"medicine warning label"
1167,"contrapeso","counterweight",B2,noun,"crane counterweight balance"
1168,"contraste","contrast",B2,noun,"black and white photograph"
1169,"contratación","hiring recruitment",B2,noun,"shaking hands new employee"
1170,"contribuyente","taxpayer",B2,noun,"person calculating tax form"
1171,"controversia","controversy",B2,noun,"newspaper controversy headline"
1172,"convención","convention",B2,noun,"exhibition center hall"
1173,"convergencia","convergence",B2,noun,"merging highway lanes"
1174,"conversión","conversion",B2,noun,"currency exchange rates"
1175,"convocatoria","call announcement",B2,noun,"bulletin board announcement"
1176,"cooperativo","cooperative",B2,adjective,"team rowing boat together"
1177,"coordenada","coordinate",B2,noun,"gps map coordinates"
1178,"corporación","corporation",B2,noun,"glass skyscraper headquarters"
1179,"corrección de errores","bug fix",B2,noun,"fixing computer code"
1180,"correlación","correlation",B2,noun,"scatter plot chart correlation"
1181,"corresponsal","correspondent",B2,noun,"tv news reporter mic"
1182,"corrupción","corruption",B2,noun,"bribe money envelope"
1183,"cómputo","computation",B2,noun,"binary matrix code"
1184,"cotización","stock quote",B2,noun,"stock market price screen"
1185,"creatividad técnica","technical creativity",B2,noun,"robotic engineer blueprint"
1186,"credibilidad","credibility",B2,noun,"trusted seal guarantee"
1187,"credencial","credential",B2,noun,"id badge lanyard"
1188,"creencias","beliefs",B2,noun,"meditation peaceful temple"
1189,"cristalización","crystallization",B2,noun,"growing quartz crystal"
1190,"criterio científico","scientific criterion",B2,noun,"laboratory research test"
1191,"cronología","chronology",B2,noun,"historical timeline chart"
1192,"crucial","crucial",B2,adjective,"key pivot decision crossroads"
1193,"cualitativo","qualitative",B2,adjective,"focus group interview"
1194,"cuantificable","quantifiable",B2,adjective,"measuring tape ruler"
1195,"cuestionamiento","questioning",B2,noun,"person questioning belief"
1196,"cumplimiento","compliance",B2,noun,"green checkmark audit"
1197,"cúpula","dome",B2,noun,"cathedral glass dome"
1198,"curiosidad científica","scientific curiosity",B2,noun,"child looking galaxy telescope"
1199,"declaraión","declaration",B2,noun,"historic declaration scroll"
1200,"deducción","deduction",B2,noun,"sherlock magnifying glass"
1201,"almohada","pillow",A1,noun,"soft white pillow bed"
1202,"sábana","bed sheet",A1,noun,"clean white bed sheet"
1203,"manta","blanket",A1,noun,"warm cozy blanket sofa"
1204,"toalla","towel",A1,noun,"clean bath towel"
1205,"jabón","soap",A1,noun,"bar of scented soap"
1206,"champú","shampoo",A1,noun,"shampoo bottle bathroom"
1207,"cepillo","brush",A1,noun,"hair brush vanity"
1208,"peine","comb",A1,noun,"hair comb dresser"
1209,"espejo","mirror",A1,noun,"bathroom wall mirror"
1210,"armario","wardrobe / closet",A1,noun,"wooden clothes wardrobe"
1211,"cajón","drawer",A1,noun,"open wooden drawer"
1212,"estante","shelf",A1,noun,"wooden wall shelf books"
1213,"alfombra","carpet / rug",A1,noun,"cozy living room rug"
1214,"cortina","curtain",A1,noun,"window curtains elegant"
1215,"sofá","sofa / couch",A1,noun,"comfortable living room sofa"
1216,"sillón","armchair",A1,noun,"cozy reading armchair"
1217,"lámpara","lamp",A1,noun,"table reading lamp glowing"
1218,"cuadro","painting / picture",A1,noun,"framed art painting wall"
1219,"reloj","clock / watch",A1,noun,"wall clock time"
1220,"jarrón","vase",A1,noun,"flower vase table"
1221,"flor","flower",A1,noun,"blooming colorful flower"
1222,"planta","plant",A1,noun,"green potted indoor plant"
1223,"balcón","balcony",A1,noun,"cozy apartment balcony view"
1224,"terraza","terrace / patio",A1,noun,"sunny patio terrace chairs"
1225,"jardín","garden",A1,noun,"green flowering garden path"
1226,"garaje","garage",A1,noun,"home garage car parking"
1227,"sótano","basement",A1,noun,"basement storage room"
1228,"techo","ceiling / roof",A1,noun,"house roof tiles sky"
1229,"pared","wall",A1,noun,"modern living room wall"
1230,"suelo","floor",A1,noun,"wooden parquet floor"
1231,"pasillo","hallway / corridor",A1,noun,"bright home hallway"
1232,"escalera","stairs",A1,noun,"wooden home staircase"
1233,"ascensor","elevator",A1,noun,"modern elevator doors"
1234,"entrada","entrance",A1,noun,"house front door entrance"
1235,"salida","exit",A1,noun,"exit sign door"
1236,"cocina","kitchen",A1,noun,"modern clean kitchen"
1237,"comedor","dining room",A1,noun,"dining table chairs set"
1238,"dormitorio","bedroom",A1,noun,"cozy master bedroom"
1239,"baño","bathroom",A1,noun,"clean modern bathroom"
1240,"oficina","office",A1,noun,"desk laptop workspace office"
1241,"tienda","shop / store",A1,noun,"boutique shop front"
1242,"mercado","market",A1,noun,"fresh food market stall"
1243,"supermercado","supermarket",A1,noun,"supermarket aisles cart"
1244,"panadería","bakery",A1,noun,"fresh bakery bread pastries"
1245,"carnicería","butcher shop",A1,noun,"fresh meat butcher shop"
1246,"pescadería","fish market",A1,noun,"fresh seafood fish stall"
1247,"frutería","fruit shop",A1,noun,"fruit stand apples oranges"
1248,"farmacia","pharmacy",A1,noun,"pharmacy store green cross"
1249,"librería","bookstore",A1,noun,"cozy bookstore shelves"
1250,"papelería","stationery shop",A1,noun,"stationery store notebooks"
1251,"banco","bank",A1,noun,"bank building front"
1252,"correos","post office",A1,noun,"post office parcel delivery"
1253,"cine","cinema / movie theater",A1,noun,"cinema auditorium seats"
1254,"teatro","theater",A1,noun,"theater stage red curtains"
1255,"museo","museum",A1,noun,"art museum gallery"
1256,"parque","park",A1,noun,"green city park trees"
1257,"plaza","square / plaza",A1,noun,"town square fountain"
1258,"calle","street",A1,noun,"city street walking path"
1259,"avenida","avenue",A1,noun,"broad city avenue trees"
1260,"puente","bridge",A1,noun,"scenic river bridge"
1261,"estación","station",A1,noun,"train station platform"
1262,"aeropuerto","airport",A1,noun,"airport departure terminal"
1263,"parada","bus stop",A1,noun,"city bus stop shelter"
1264,"puerto","port / harbor",A1,noun,"marina harbor boats"
1265,"hotel","hotel",A1,noun,"luxury hotel building"
1266,"restaurante","restaurant",A1,noun,"restaurant dining table"
1267,"cafetería","café / coffee shop",A1,noun,"cozy café table coffee"
1268,"bar","bar / pub",A1,noun,"cozy tapas bar counter"
1269,"hospital","hospital",A1,noun,"hospital entrance building"
1270,"clínica","clinic",A1,noun,"medical clinic reception"
1271,"escuela","school",A1,noun,"elementary school classroom"
1272,"colegio","school / college",A1,noun,"school building playground"
1273,"universidad","university",A1,noun,"university campus buildings"
1274,"biblioteca","library",A1,noun,"quiet library books desk"
1275,"gimnasio","gym",A1,noun,"fitness gym weights equipment"
1276,"piscina","swimming pool",A1,noun,"outdoor resort swimming pool"
1277,"estadio","stadium",A1,noun,"sports stadium field lights"
1278,"playa","beach",A1,noun,"sunny ocean sand beach"
1279,"mar","sea",A1,noun,"blue ocean sea waves"
1280,"río","river",A1,noun,"flowing mountain river"
1281,"lago","lake",A1,noun,"serene mountain blue lake"
1282,"montaña","mountain",A1,noun,"snowy mountain peak sky"
1283,"bosque","forest / woods",A1,noun,"lush green forest trees"
1284,"campo","countryside / field",A1,noun,"green meadow field sky"
1285,"isla","island",A1,noun,"tropical island palm ocean"
1286,"sol","sun",A1,noun,"bright golden sun sky"
1287,"luna","moon",A1,noun,"glowing full moon night"
1288,"estrella","star",A1,noun,"starry night sky stars"
1289,"nube","cloud",A1,noun,"white fluffy sky clouds"
1290,"lluvia","rain",A1,noun,"rain drops window street"
1291,"nieve","snow",A1,noun,"winter white falling snow"
1292,"viento","wind",A1,noun,"blowing wind autumn leaves"
1293,"fuego","fire",A1,noun,"cozy fireplace flame"
1294,"aire","air",A1,noun,"fresh clear blue sky air"
1295,"tierra","earth / land",A1,noun,"planet earth soil green"
1296,"agua","water",A1,noun,"clear pouring water glass"
1297,"pan","bread",A1,noun,"loaf of fresh baked bread"
1298,"leche","milk",A1,noun,"glass of fresh white milk"
1299,"queso","cheese",A1,noun,"yellow cheese wedge board"
1300,"mantequilla","butter",A1,noun,"fresh butter dish block"
1301,"huevo","egg",A1,noun,"fresh farm eggs bowl"
1302,"carne","meat",A1,noun,"grilled beef steak plate"
1303,"pollo","chicken",A1,noun,"roasted chicken dish"
1304,"pescado","fish",A1,noun,"cooked fresh fish meal"
1305,"arroz","rice",A1,noun,"steamed white rice bowl"
1306,"pasta","pasta",A1,noun,"italian spaghetti pasta meal"
1307,"sopa","soup",A1,noun,"steaming vegetable soup bowl"
1308,"ensalada","salad",A1,noun,"fresh green salad bowl"
1309,"fruta","fruit",A1,noun,"colorful fresh fruit basket"
1310,"manzana","apple",A1,noun,"ripe red fresh apple"
1311,"plátano","banana",A1,noun,"bunch of yellow bananas"
1312,"naranja","orange",A1,noun,"juicy fresh orange fruit"
1313,"limón","lemon",A1,noun,"yellow fresh lemon slices"
1314,"fresa","strawberry",A1,noun,"sweet red strawberries"
1315,"uva","grape",A1,noun,"purple juicy grapes vine"
1316,"tomate","tomato",A1,noun,"ripe red fresh tomatoes"
1317,"patata","potato",A1,noun,"fresh potatoes wooden table"
1318,"zanahoria","carrot",A1,noun,"fresh orange carrots"
1319,"cebolla","onion",A1,noun,"fresh white bulb onion"
1320,"ajo","garlic",A1,noun,"garlic cloves bulb table"
1321,"sal","salt",A1,noun,"white salt shaker spice"
1322,"pimienta","pepper",A1,noun,"black pepper shaker spice"
1323,"aceite","oil",A1,noun,"olive oil bottle pouring"
1324,"vinagre","vinegar",A1,noun,"glass vinegar bottle salad"
1325,"azúcar","sugar",A1,noun,"white sugar bowl spoon"
1326,"café","coffee",A1,noun,"steaming coffee cup saucer"
1327,"té","tea",A1,noun,"hot tea cup lemon slice"
1328,"zumo","juice",A1,noun,"fresh orange juice glass"
1329,"vino","wine",A1,noun,"red wine glass bottle"
1330,"cerveza","beer",A1,noun,"cold draft beer mug foam"
1331,"camisa","shirt",A1,noun,"collared dress shirt buttoned"
1332,"camiseta","t-shirt",A1,noun,"casual cotton t-shirt"
1333,"pantalón","pants / trousers",A1,noun,"denim jeans trousers"
1334,"falda","skirt",A1,noun,"stylish summer skirt outfit"
1335,"vestido","dress",A1,noun,"elegant summer dress fashion"
1336,"chaqueta","jacket",A1,noun,"warm zip jacket coat"
1337,"abrigo","coat",A1,noun,"heavy winter coat rack"
1338,"jersey","sweater",A1,noun,"warm knit sweater folded"
1339,"zapato","shoe",A1,noun,"pair of leather shoes"
1340,"bota","boot",A1,noun,"pair of leather boots"
1341,"zapatilla","sneaker / slipper",A1,noun,"sports sneakers shoes"
1342,"calcetín","sock",A1,noun,"pair of warm wool socks"
1343,"sombrero","hat",A1,noun,"stylish sun hat beach"
1344,"gorra","cap",A1,noun,"baseball cap sports"
1345,"guante","glove",A1,noun,"pair of winter gloves"
1346,"bufanda","scarf",A1,noun,"cozy knit winter scarf"
1347,"cinturón","belt",A1,noun,"leather waist belt buckle"
1348,"bolso","handbag / purse",A1,noun,"stylish leather handbag"
1349,"mochila","backpack",A1,noun,"travel hiking backpack"
1350,"maleta","suitcase",A1,noun,"rolling travel suitcase"
1351,"gafas","glasses",A1,noun,"modern eyeglasses frame desk"
1352,"reloj","watch",A1,noun,"wrist watch time clock"
1353,"paraguas","umbrella",A1,noun,"open umbrella rainy day"
1354,"llave","key",A1,noun,"metal door key keychain"
1355,"moneda","coin",A1,noun,"silver gold coins money"
1356,"billete","banknote / ticket",A1,noun,"paper money cash bill"
1357,"cartera","wallet",A1,noun,"leather pocket wallet cash"
1358,"tarjeta","card",A1,noun,"credit card payment chip"
1359,"móvil","mobile phone",A1,noun,"modern smartphone screen"
1360,"ordenador","computer",A1,noun,"desktop computer screen desk"
1361,"portátil","laptop",A1,noun,"open laptop computer desk"
1362,"pantalla","screen / display",A1,noun,"computer monitor display screen"
1363,"teclado","keyboard",A1,noun,"computer typing keyboard desk"
1364,"ratón","mouse",A1,noun,"computer optical mouse pad"
1365,"camisa","button shirt",A1,noun,"neatly ironed shirt rack"
1366,"bolígrafo","pen",A1,noun,"blue ink ballpoint pen"
1367,"lápiz","pencil",A1,noun,"wooden graphite pencil desk"
1368,"papel","paper",A1,noun,"clean white paper sheet"
1369,"cuaderno","notebook",A1,noun,"open spiral notebook desk"
1370,"libro","book",A1,noun,"open reading book desk"
1371,"periódico","newspaper",A1,noun,"morning newspaper reading coffee"
1372,"revista","magazine",A1,noun,"glossy magazine pages table"
1373,"carta","letter / menu",A1,noun,"paper letter envelope seal"
1374,"paquete","parcel / package",A1,noun,"cardboard parcel box delivery"
1375,"regalo","gift / present",A1,noun,"wrapped gift box ribbon"
1376,"fiesta","party",A1,noun,"celebration party confetti balloons"
1377,"música","music",A1,noun,"headphones music note glowing"
1378,"canción","song",A1,noun,"singer microphone song stage"
1379,"película","movie / film",A1,noun,"movie film reel cinema"
1380,"juego","game",A1,noun,"board game pieces table"
1381,"deporte","sport",A1,noun,"sports balls equipment set"
1382,"fútbol","soccer",A1,noun,"soccer ball grass field"
1383,"baloncesto","basketball",A1,noun,"basketball court hoop net"
1384,"tenis","tennis",A1,noun,"tennis racket ball court"
1385,"natación","swimming",A1,noun,"swimmer ocean pool water"
1386,"carrera","race / run",A1,noun,"runners race track finish line"
1387,"viaje","trip / journey",A1,noun,"airplane travel map passport"
1388,"vacaciones","vacation / holiday",A1,noun,"resort tropical beach lounge"
1389,"trabajo","job / work",A1,noun,"office business workspace desk"
1390,"clase","class / lesson",A1,noun,"classroom teacher blackboard"
1391,"examen","exam / test",A1,noun,"student writing exam paper"
1392,"tarea","homework / task",A1,noun,"studying desk homework books"
1393,"pregunta","question",A1,noun,"question mark symbol sign"
1394,"respuesta","answer",A1,noun,"checkmark green answer correct"
1395,"problema","problem",A1,noun,"puzzle missing piece problem"
1396,"solución","solution",A1,noun,"glowing lightbulb idea solution"
1397,"ejemplo","example",A1,noun,"handwriting whiteboard example"
1398,"número","number",A1,noun,"colorful numbers block set"
1399,"nombre","name",A1,noun,"hello my name is badge tag"
1400,"apellido","surname / last name",A1,noun,"passport document identity form"
1401,"edad","age",A1,noun,"birthday cake candles age"
1402,"fecha","date",A1,noun,"calendar page date circle"
1403,"día","day",A1,noun,"sunny daytime sky landscape"
1404,"noche","night",A1,noun,"starry moonlit night house"
1405,"semana","week",A1,noun,"weekly calendar planner desk"
1406,"mes","month",A1,noun,"monthly calendar page year"
1407,"año","year",A1,noun,"new year celebration fireworks"
1408,"hora","hour / time",A1,noun,"clock hands hour mark"
1409,"minuto","minute",A1,noun,"stopwatch timer minute mark"
1410,"segundo","second",A1,noun,"digital stopwatch race timer"
1411,"alojamiento","accommodation / lodging",A2,noun,"hotel resort room accommodation"
1412,"reserva","reservation / booking",A2,noun,"hotel reservation tablet confirm"
1413,"recepción","reception / front desk",A2,noun,"hotel front desk reception key"
1414,"pasaje","boarding pass / ticket",A2,noun,"airplane boarding pass passport"
1415,"embarque","boarding gate",A2,noun,"airport departure gate plane"
1416,"aduana","customs",A2,noun,"airport customs border check"
1417,"equipaje","luggage / baggage",A2,noun,"travel suitcases baggage cart"
1418,"facturación","check-in",A2,noun,"airport check-in counter desk"
1419,"pasajero","passenger",A2,noun,"train passenger window view"
1420,"conductor","driver",A2,noun,"car driver steering wheel road"
1421,"camarero","waiter",A2,noun,"restaurant waiter bringing dish"
1422,"cocinero","chef / cook",A2,noun,"professional chef cooking kitchen"
1423,"médico","doctor",A2,noun,"doctor stethoscope coat hospital"
1424,"enfermero","nurse",A2,noun,"nurse assisting patient clinic"
1425,"dentista","dentist",A2,noun,"dentist exam chair smile"
1426,"veterinario","veterinarian",A2,noun,"veterinarian inspecting dog puppy"
1427,"policía","police officer",A2,noun,"police officer patrol uniform"
1428,"bombero","firefighter",A2,noun,"firefighter helmet truck equipment"
1429,"profesor","teacher / professor",A2,noun,"teacher explaining classroom board"
1430,"estudiante","student",A2,noun,"college student book campus"
1431,"abogado","lawyer",A2,noun,"lawyer briefcase courtroom office"
1432,"ingeniaro","engineer",A2,noun,"engineer blueprint helmet site"
1433,"arquitecto","architect",A2,noun,"architect model drafting desk"
1434,"mecanico","mechanic",A2,noun,"car mechanic repair garage"
1435,"peluquero","hairdresser",A2,noun,"hairdresser cutting hair salon"
1436,"cartero","mail carrier",A2,noun,"mailman postal delivery bag"
1437,"vendedor","salesperson",A2,noun,"store shop assistant helping customer"
1438,"cliente","customer / client",A2,noun,"customer paying counter smile"
1439,"jefe","boss / manager",A2,noun,"business manager leading meeting"
1440,"empleado","employee",A2,noun,"office worker typing laptop"
1441,"compañero","colleague / classmate",A2,noun,"two coworkers collaborating desk"
1442,"vecino","neighbor",A2,noun,"friendly neighbor waving garden"
1443,"amigo","friend",A2,noun,"two best friends smiling cafe"
1444,"pareja","couple / partner",A2,noun,"happy couple walking park"
1445,"marido","husband",A2,noun,"husband smiling home living room"
1446,"mujer","wife / woman",A2,noun,"happy wife smiling home"
1447,"hijo","son",A2,noun,"father and young son playing"
1448,"hija","daughter",A2,noun,"mother and young daughter hugging"
1449,"padre","father",A2,noun,"loving father smiling family"
1450,"madre","mother",A2,noun,"caring mother smiling kitchen"
1451,"hermano","brother",A2,noun,"two brothers smiling outdoors"
1452,"hermana","sister",A2,noun,"two sisters laughing together"
1453,"abuelo","grandfather",A2,noun,"kind grandfather smiling garden"
1454,"abuela","grandmother",A2,noun,"kind grandmother baking kitchen"
1455,"tio","uncle",A2,noun,"friendly uncle playing kids"
1456,"tia","aunt",A2,noun,"friendly aunt reading child"
1457,"primo","cousin",A2,noun,"cousins playing garden summer"
1458,"sobrino","nephew",A2,noun,"young nephew playing park"
1459,"sobrina","niece",A2,noun,"young niece playing playground"
1460,"familia","family",A2,noun,"happy family embracing sunset"
1461,"cuerpo","body",A2,noun,"human body health fitness"
1462,"cabeza","head",A2,noun,"person head face smile"
1463,"pelo","hair",A2,noun,"long healthy hair woman"
1464,"cara","face",A2,noun,"cheerful woman smiling face"
1465,"ojo","eye",A2,noun,"macro close up eye iris"
1466,"nariz","nose",A2,noun,"close up person nose smile"
1467,"boca","mouth",A2,noun,"smiling mouth teeth white"
1468,"diente","tooth",A2,noun,"clean white healthy teeth"
1469,"oreja","ear",A2,noun,"person ear listening music"
1470,"cuello","neck",A2,noun,"woman neck shoulders portrait"
1471,"hombro","shoulder",A2,noun,"athlete shoulder muscles fitness"
1472,"brazo","arm",A2,noun,"strong muscular arm fitness"
1473,"codo","elbow",A2,noun,"arm joint elbow fitness"
1474,"mano","hand",A2,noun,"open human hand fingers"
1475,"dedo","finger",A2,noun,"pointing finger hand gesture"
1476,"pecho","chest",A2,noun,"chest posture fitness health"
1477,"espalda","back",A2,noun,"spine back posture physical"
1478,"estómago","stomach / belly",A2,noun,"healthy belly stomach digestion"
1479,"pierna","leg",A2,noun,"runner legs track sport"
1480,"rodilla","knee",A2,noun,"knee joint leg exercise"
1481,"pie","foot",A2,noun,"bare feet sandy beach"
1482,"piel","skin",A2,noun,"smooth healthy skin care"
1483,"sangre","blood",A2,noun,"heart blood drop health"
1484,"corazón","heart",A2,noun,"red glowing heart symbol"
1485,"salud","health",A2,noun,"healthy lifestyle fresh food sport"
1486,"enfermedad","disease / illness",A2,noun,"medical care medicine illness"
1487,"dolor","pain / ache",A2,noun,"person holding head headache pain"
1488,"fiebre","fever",A2,noun,"thermometer fever checking patient"
1489,"gripe","flu / cold",A2,noun,"sick person tissue tea blanket"
1490,"tos","cough",A2,noun,"person coughing hand mouth"
1491,"herida","wound / injury",A2,noun,"bandage wound knee care"
1492,"medicina","medicine / drug",A2,noun,"pills medicine bottle pharmacy"
1493,"pastilla","pill / tablet",A2,noun,"medical pills blister pack"
1494,"jarabe","syrup / medicine",A2,noun,"cough syrup bottle spoon"
1495,"venda","bandage / dressing",A2,noun,"medical cotton bandage roll"
1496,"receta","prescription / recipe",A2,noun,"doctor prescription note paper"
1497,"cita","appointment / date",A2,noun,"calendar appointment reminder pen"
1498,"clima","climate / weather",A2,noun,"sunny weather clouds blue sky"
1499,"temperatura","temperature",A2,noun,"thermometer weather degree warm"
1500,"grado","degree",A2,noun,"temperature degrees indicator celsius"
1501,"estación","season",A2,noun,"four seasons trees autumn winter spring"
1502,"primavera","spring",A2,noun,"spring blooming colorful flowers"
1503,"verano","summer",A2,noun,"sunny summer beach palm tree"
1504,"otoño","autumn / fall",A2,noun,"autumn golden leaves park path"
1505,"invierno","winter",A2,noun,"snowy wintry landscape trees"
1506,"paisaje","landscape / scenery",A2,noun,"scenic mountain valley landscape"
1507,"naturaleza","nature",A2,noun,"lush green forest nature river"
1508,"medioambiente","environment",A2,noun,"green earth planet care sprout"
1509,"reciclaje","recycling",A2,noun,"green recycling sign bins"
1510,"basura","trash / garbage",A2,noun,"sorted trash bin recycling"
1511,"contaminación","pollution",A2,noun,"smokestack factory smoke sky"
1512,"tráfico","traffic",A2,noun,"city traffic cars highway street"
1513,"vehículo","vehicle",A2,noun,"modern electric car road"
1514,"coche","car",A2,noun,"blue sedan car driving road"
1515,"autobús","bus",A2,noun,"city transit bus stop"
1516,"tren","train",A2,noun,"high speed train tracks station"
1517,"metro","subway / metro",A2,noun,"underground subway metro train"
1518,"tranvía","tram",A2,noun,"city street tram tracks"
1519,"avión","airplane",A2,noun,"commercial airplane flying sky"
1520,"barco","boat / ship",A2,noun,"sailing boat ocean sea"
1521,"bicicleta","bicycle / bike",A2,noun,"classic city bicycle basket"
1522,"moto","motorcycle",A2,noun,"modern motorcycle highway road"
1523,"camión","truck",A2,noun,"cargo delivery truck highway"
1524,"taxista","taxi driver",A2,noun,"yellow taxi cab city street"
1525,"billete","ticket",A2,noun,"transit passenger ticket hand"
1526,"horario","schedule / timetable",A2,noun,"train departure timetable screen"
1527,"retraso","delay",A2,noun,"flight delay board clock"
1528,"llegada","arrival",A2,noun,"airport arrivals terminal sign"
1529,"salida","departure",A2,noun,"airport departures terminal sign"
1530,"vuelo","flight",A2,noun,"airplane wing view clouds sky"
1531,"asiento","seat",A2,noun,"airplane window seat comfortable"
1532,"pasillo","aisle / corridor",A2,noun,"airplane interior aisle seats"
1533,"ventana","window",A2,noun,"open sunny room window view"
1534,"equipaje","hand luggage",A2,noun,"carry on suitcase airport"
1535,"maletero","trunk / boot",A2,noun,"car open trunk suitcase"
1536,"gasolinera","gas station",A2,noun,"fueling car gas station pump"
1537,"taller","repair shop / workshop",A2,noun,"mechanic auto repair workshop"
1538,"aparcamiento","parking lot",A2,noun,"city parking garage cars"
1539,"multa","fine / ticket",A2,noun,"traffic ticket windshield car"
1540,"semáforo","traffic light",A2,noun,"city red green traffic light"
1541,"cruce","intersection / crossing",A2,noun,"pedestrian crosswalk city street"
1542,"acera","sidewalk / pavement",A2,noun,"city street sidewalk walking"
1543,"peptón","pedestrian",A2,noun,"pedestrians walking city crosswalk"
1544,"carretera","highway / road",A2,noun,"scenic open highway road"
1545,"autopista","freeway / motorway",A2,noun,"multi lane highway cars"
1546,"velocidad","speed",A2,noun,"car speedometer speed dial"
1547,"límite","limit",A2,noun,"speed limit road sign"
1548,"peligro","danger / hazard",A2,noun,"warning danger sign triangle"
1549,"seguridad","safety / security",A2,noun,"seatbelt fastened safety car"
1550,"accidente","accident",A2,noun,"car breakdown tow truck safety"
1551,"seguro","insurance",A2,noun,"car insurance policy document key"
1552,"contrato","contract",A2,noun,"signing legal contract pen"
1553,"empresa","company / business",A2,noun,"modern skyscraper office building"
1554,"negocio","business",A2,noun,"business handshake meeting room"
1555,"reunión","meeting",A2,noun,"corporate business team meeting table"
1556,"proyecto","project",A2,noun,"blueprint project desk planning"
1557,"informe","report",A2,noun,"financial data report chart desk"
1558,"presupuesto","budget",A2,noun,"calculator coins budget planner"
1559,"cuenta","account / bill",A2,noun,"bank account statement card"
1560,"impuesto","tax",A2,noun,"tax calculation form coins"
1561,"factura","invoice / bill",A2,noun,"paper store invoice receipt"
1562,"precio","price",A2,noun,"price tag discount store"
1563,"descuento","discount",A2,noun,"sale percentage discount tag"
1564,"oferta","offer / deal",A2,noun,"special offer sale sign"
1565,"compra","purchase / shopping",A2,noun,"shopping bags customer store"
1566,"venta","sale",A2,noun,"for sale real estate sign"
1567,"ganancia","profit / gain",A2,noun,"sprouting coin plant profit"
1568,"pérdida","loss",A2,noun,"falling stock chart loss red"
1569,"inversión","investment",A2,noun,"growing money investment plant"
1570,"ahorro","savings",A2,noun,"piggy bank coins savings"
1571,"tarjeta","credit card",A2,noun,"paying credit card terminal"
1572,"efectivo","cash",A2,noun,"hand holding cash paper bills"
1573,"moneda","currency / coin",A2,noun,"foreign exchange currency coins"
1574,"cambio","exchange / change",A2,noun,"money currency exchange sign"
1575,"cajero","ATM / cashier",A2,noun,"using ATM cash machine"
1576,"recibo","receipt",A2,noun,"store purchase receipt hand"
1577,"garantía","guarantee / warranty",A2,noun,"golden warranty seal stamp"
1578,"calidad","quality",A2,noun,"five star quality rating gold"
1579,"marca","brand",A2,noun,"luxury brand logo tag"
1580,"producto","product",A2,noun,"packaged retail product box"
1581,"servicio","service",A2,noun,"customer support service headset"
1582,"cliente","client",A2,noun,"happy business client handshake"
1583,"opinión","opinion / review",A2,noun,"star rating review customer"
1584,"consejo","advice / tip",A2,noun,"wise mentor advising young person"
1585,"ayuda","help / assistance",A2,noun,"helping hand support unity"
1586,"experiencia","experience",A2,noun,"mountaineer summit experience view"
1587,"conocimiento","knowledge",A2,noun,"glowing lightbulb brain book"
1588,"habilidad","skill / ability",A2,noun,"skilful hands wood carving art"
1589,"éxito","success",A2,noun,"champion trophy celebration win"
1590,"fracaso","failure",A2,noun,"person learning from mistake thoughts"
1591,"meta","goal / target",A2,noun,"archery bullseye target arrow"
1592,"sueño","dream / sleep",A2,noun,"dreamer starry sky glowing light"
1593,"deseo","wish / desire",A2,noun,"blowing dandelion seeds wish"
1594,"esperanza","hope",A2,noun,"sunrise shining over horizon hope"
1595,"alegría","joy / happiness",A2,noun,"happy person jumping joy beach"
1596,"tristeza","sadness",A2,noun,"sad person window rain drop"
1597,"miedo","fear",A2,noun,"brave climber overcoming fear summit"
1598,"sorpresa","surprise",A2,noun,"surprised woman unboxing gift"
1599,"vergüenza","shame / embarrassment",A2,noun,"blushing shy person face"
1600,"orgullo","pride",A2,noun,"graduate proud holding diploma"
1601,"amor","love",A2,noun,"holding heart symbol hands"
1602,"odio","hatred",A2,noun,"dramatic storm cloud lighting sky"
1603,"paz","peace",A2,noun,"white dove flying blue sky peace"
1604,"guerra","war / conflict",A2,noun,"peaceful olive branch over helmet"
1605,"libertad","freedom",A2,noun,"soaring bird sky freedom"
1606,"justicia","justice",A2,noun,"scales of justice gold balance"
1607,"ley","law",A2,noun,"gavel legal book courtroom"
1608,"derecho","right / law",A2,noun,"human rights voting ballot box"
1609,"deber","duty / obligation",A2,noun,"checklist completed checkmark desk"
1610,"investigación","research / investigation",B1,noun,"laboratory scientist research microscope"
1611,"desarrollo","development / growth",B1,noun,"sprout growing into tree progress"
1612,"tecnología","technology",B1,noun,"glowing digital technology circuit"
1613,"ciencia","science",B1,noun,"scientific flasks chemistry lab"
1614,"sociedad","society",B1,noun,"diverse group of people community"
1615,"gobierno","government",B1,noun,"parliament building capital city"
1616,"política","politics / policy",B1,noun,"podium microphone debate politics"
1617,"economía","economy",B1,noun,"growing economic chart graph"
1618,"industria","industry",B1,noun,"modern factory manufacturing plant"
1619,"comercio","commerce / trade",B1,noun,"cargo container ship harbor trade"
1620,"mercancía","merchandise / goods",B1,noun,"warehouse inventory boxes goods"
1621,"transporte","transportation",B1,noun,"city logistics transport trucks train"
1622,"comunicación","communication",B1,noun,"global network communication icons"
1623,"educación","education",B1,noun,"university graduation students cap"
1624,"cultura","culture",B1,noun,"traditional folk festival art dance"
1625,"arte","art",B1,noun,"oil painting canvas studio artist"
1626,"literatura","literature",B1,noun,"classic antique books library shelf"
1627,"poesía","poetry",B1,noun,"fountain pen vintage manuscript poem"
1628,"teatro","theater",B1,noun,"dramatic stage red curtains lights"
1629,"arquitectura","architecture",B1,noun,"modern skyscraper architectural design"
1630,"historia","history",B1,noun,"ancient Roman ruins history colosseum"
1631,"geografía","geography",B1,noun,"globe map compass world atlas"
1632,"medio ambiente","environment",B1,noun,"green sprout hands nature earth"
1633,"sostenibilidad","sustainability",B1,noun,"wind turbines solar panels green"
1634,"biodiversidad","biodiversity",B1,noun,"coral reef ocean wildlife green"
1635,"fauna","fauna / wildlife",B1,noun,"wild lion jungle forest nature"
1636,"flora","flora / vegetation",B1,noun,"lush green rainforest plants flora"
1637,"recurso","resource",B1,noun,"pure water waterfall mountain resource"
1638,"energía","energy",B1,noun,"solar panel array glowing sun"
1639,"petróleo","oil / petroleum",B1,noun,"offshore oil rig sea platform"
1640,"gas","gas / natural gas",B1,noun,"natural gas flame stove blue"
1641,"electricidad","electricity",B1,noun,"glowing lightbulb power transmission"
1642,"infraestructura","infrastructure",B1,noun,"suspension bridge highway modern"
1643,"urbanismo","urban planning",B1,noun,"city aerial architectural model green"
1644,"vivienda","housing",B1,noun,"modern apartment complex residential"
1645,"alquiler","rent / lease",B1,noun,"apartment key hand lease contract"
1646,"hipoteca","mortgage",B1,noun,"house model mini key document"
1647,"patrimonio","heritage / assets",B1,noun,"historic castle heritage monument"
1648,"turismo","tourism",B1,noun,"tourists sightseeing historic monument"
1649,"gastronomía","gastronomy / cuisine",B1,noun,"gourmet chef dish restaurant plate"
1650,"nutrición","nutrition",B1,noun,"fresh organic salad healthy food"
1651,"dieta","diet",B1,noun,"balanced healthy food plate fitness"
1652,"caloría","calorie",B1,noun,"healthy food counting fitness scale"
1653,"ejercicio","exercise / workout",B1,noun,"fitness workout dumbbells gym"
1654,"gimnasia","gymnastics / fitness",B1,noun,"gymnast balancing beam arena"
1655,"deportista","athlete",B1,noun,"track athlete runner sprinting finish"
1656,"campeonato","championship",B1,noun,"golden championship trophy winner"
1657,"entrenamiento","training / practice",B1,noun,"athlete training track field coach"
1658,"competencia","competition / contest",B1,noun,"swimming competition pool race"
1659,"rival","rival / opponent",B1,noun,"chess game players facing board"
1660,"victoria","victory / win",B1,noun,"athlete raising arms victory finish"
1661,"derrota","defeat / loss",B1,noun,"defeated athlete sitting track effort"
1662,"premio","award / prize",B1,noun,"shiny gold medal award ribbon"
1663,"trofeo","trophy",B1,noun,"golden victory trophy podium"
1664,"espectáculo","show / spectacle",B1,noun,"stage concert lights audience cheering"
1665,"concierto","concert",B1,noun,"live music concert crowd stage"
1666,"festival","festival",B1,noun,"outdoor music festival confetti crowd"
1667,"cineasta","filmmaker / director",B1,noun,"film director camera set stage"
1668,"actor","actor",B1,noun,"actor performing theater stage spotlight"
1669,"actriz","actress",B1,noun,"actress red carpet movie premiere"
1670,"director","director / manager",B1,noun,"movie director clapperboard camera"
1671,"productor","producer",B1,noun,"music producer studio mixing desk"
1672,"guion","script / screenplay",B1,noun,"film script typewriter pages desk"
1673,"escena","scene",B1,noun,"movie film clapboard scene studio"
1674,"personaje","character",B1,noun,"costumed actor theatrical character stage"
1675,"novela","novel",B1,noun,"open hardcover fiction novel reading"
1676,"cuento","short story / tale",B1,noun,"storybook fairy tale magic illustration"
1677,"poeta","poet",B1,noun,"poet writing with feather pen paper"
1678,"ensayo","essay / rehearsal",B1,noun,"writing academic essay notebook desk"
1679,"artículo","article",B1,noun,"newspaper article magazine page headline"
1680,"noticia","news item",B1,noun,"breaking news television broadcast screen"
1681,"periodista","journalist / reporter",B1,noun,"journalist microphone press conference"
1682,"entrevista","interview",B1,noun,"news interview microphone camera studio"
1683,"anuncio","advertisement / announcement",B1,noun,"billboard street advertisement city"
1684,"publicidad","advertising / publicity",B1,noun,"digital marketing advertising display"
1685,"marca","brand / trademark",B1,noun,"designer brand logo tag luxury"
1686,"estrategia","strategy",B1,noun,"chess board strategy pieces planning"
1687,"planificación","planning",B1,noun,"wall calendar project planning notes"
1688,"gestión","management / administration",B1,noun,"business manager reviewing charts desk"
1689,"organización","organization / entity",B1,noun,"team working together meeting room"
1690,"administración","administration",B1,noun,"corporate office administration desk"
1691,"liderazgo","leadership",B1,noun,"business leader guiding team presentation"
1692,"colaboración","collaboration",B1,noun,"hands together teamwork unity circle"
1693,"cooperación","cooperation",B1,noun,"two partners shaking hands deal"
1694,"asociación","association / partnership",B1,noun,"shaking hands corporate partnership"
1695,"fundación","foundation / charity",B1,noun,"charity foundation building helping hands"
1696,"sindicato","labor union",B1,noun,"workers union protest rally banners"
1697,"huelga","strike",B1,noun,"peaceful workers strike sign rally"
1698,"manifestación","demonstration / rally",B1,noun,"peaceful crowd rally march street"
1699,"protesta","protest",B1,noun,"peaceful protest holding banners street"
1700,"reforma","reform / renovation",B1,noun,"renovating house blueprint architecture"
1701,"cambio","change / shift",B1,noun,"road sign direction change arrow"
1702,"proceso","process",B1,noun,"gear mechanism working process engine"
1703,"etapa","stage / phase",B1,noun,"staircase steps progression climbing"
1704,"fase","phase",B1,noun,"moon phases astronomy sequence"
1705,"resultado","result / outcome",B1,noun,"chart graph showing positive results"
1706,"efecto","effect / impact",B1,noun,"water droplet ripple effect pond"
1707,"causa","cause / reason",B1,noun,"domino falling chain reaction cause"
1708,"origen","origin / source",B1,noun,"fresh water mountain spring source"
1709,"consecuencia","consequence",B1,noun,"falling dominoes chain reaction consequence"
1710,"solución","solution",B1,noun,"fitting puzzle piece key lock"
1711,"alternativa","alternative / option",B1,noun,"road fork two paths choice sign"
1712,"opción","option / choice",B1,noun,"multiple choice checkboxes form pen"
1713,"elección","election / choice",B1,noun,"voting ballot box election citizen"
1714,"voto","vote",B1,noun,"voter inserting paper ballot box"
1715,"candidato","candidate",B1,noun,"political candidate podium speech flag"
1716,"campaña","campaign",B1,noun,"campaign rally crowd signs stage"
1717,"discurso","speech / address",B1,noun,"speaker addressing crowd microphone stage"
1718,"debates","debates",B1,noun,"podium debate candidates speaking audience"
1719,"acuerdo","agreement / deal",B1,noun,"signing official agreement document pen"
1720,"trata","dealings / trade",B1,noun,"international trade container ship sea"
1721,"pacto","pact / treaty",B1,noun,"diplomats shaking hands treaty document"
1722,"conflicto","conflict / dispute",B1,noun,"chess pieces standoff board conflict"
1723,"discusión","argument / debate",B1,noun,"two people debating room discussion"
1724,"negociación","negotiation",B1,noun,"business negotiation table handshake"
1725,"compromiso","commitment / compromise",B1,noun,"wedding rings engagement hands"
1726,"respeto","respect",B1,noun,"respectful handshake bow greeting"
1727,"confianza","trust / confidence",B1,noun,"climbing team rope trust summit"
1728,"sinceridad","sincerity / honesty",B1,noun,"person speaking hand over heart"
1729,"lealtad","loyalty",B1,noun,"loyal shepherd dog beside owner"
1730,"empatía","empathy",B1,noun,"helping hand comforting friend support"
1731,"solidaridad","solidarity",B1,noun,"volunteers packing food aid boxes"
1732,"igualdad","equality",B1,noun,"balanced scales of justice equality"
1733,"diversidad","diversity",B1,noun,"multicultural group of people smiling"
1734,"inclusión","inclusion",B1,noun,"diverse team unity circle hands"
1735,"derechos","rights",B1,noun,"human rights emblem voting ballot"
1736,"libertad","freedom",B1,noun,"soaring eagle blue sky freedom"
1737,"seguridad","security / safety",B1,noun,"cyber security shield digital lock"
1738,"riesgo","risk",B1,noun,"tightrope walker balancing sky risk"
1739,"amenaza","threat / hazard",B1,noun,"storm cloud approaching coastline threat"
1740,"protección","protection / shield",B1,noun,"shield emblem protecting green sprout"
1741,"prevención","prevention",B1,noun,"medical health checkup stethoscope prevention"
1742,"tratamiento","treatment",B1,noun,"doctor patient consultation medical therapy"
1743,"curación","healing / cure",B1,noun,"healing hands light green sprout"
1744,"vacuna","vaccine",B1,noun,"medical vaccine vial syringe science"
1745,"síntoma","symptom",B1,noun,"patient checking thermometer fever"
1746,"diagnóstico","diagnosis",B1,noun,"doctor reviewing x-ray scan diagnosis"
1747,"análisis","analysis / test",B1,noun,"laboratory blood sample test tube"
1748,"experimento","experiment",B1,noun,"chemistry flask glowing reaction lab"
1749,"descubrimiento","discovery",B1,noun,"astronomer observing telescope galaxy"
1750,"invento","invention",B1,noun,"glowing Edison lightbulb vintage idea"
1751,"patente","patent",B1,noun,"blueprint patent document stamp seal"
1752,"marca","trademark",B1,noun,"registered trademark symbol document"
1753,"contrato","lease / agreement",B1,noun,"signed lease document keys table"
1754,"cláusula","clause",B1,noun,"reading contract legal clause pen"
1755,"condición","condition / term",B1,noun,"document checkmark terms conditions"
1756,"requisito","requirement / prerequisite",B1,noun,"checklist application requirement form"
1757,"solicitud","application / request",B1,noun,"filling out paper application form"
1758,"permiso","permit / permission",B1,noun,"approved official permit stamp document"
1759,"licencia","license",B1,noun,"driver license card document desk"
1760,"pasaporte","passport",B1,noun,"passport book stamps airport"
1761,"visado","visa",B1,noun,"passport page visa entry stamp"
1762,"nacionalidad","nationality",B1,noun,"passports world map nationality flags"
1763,"ciudadanía","citizenship",B1,noun,"citizenship oath ceremony flag"
1764,"frontera","border / frontier",B1,noun,"country border checkpoint river bridge"
1765,"aduana","customs clearance",B1,noun,"airport customs border inspection"
1766,"extranjero","foreigner / stranger",B1,noun,"traveler looking world map city"
1767,"idioma","language",B1,noun,"speech bubbles world languages learning"
1768,"lengua","tongue / language",B1,noun,"open dictionary words pages study"
1769,"traducción","translation",B1,noun,"bilingual dictionary translator writing"
1770,"vocablo","vocabulary word",B1,noun,"flashcard vocabulary learning book"
1771,"frase","phrase / sentence",B1,noun,"typewriter printing phrase paper page"
1772,"oración","sentence / prayer",B1,noun,"reading notebook written sentence pen"
1773,"palabra","word",B1,noun,"wooden letter blocks spelling word"
1774,"letra","letter / lyrics",B1,noun,"alphabet metal typeset letters ink"
1775,"sonido","sound",B1,noun,"sound wave audio frequency equalizer"
1776,"voz","voice",B1,noun,"microphone glowing sound wave voice"
1777,"acento","accent / stress",B1,noun,"accent mark typed Spanish word"
1778,"pronunciación","pronunciation",B1,noun,"person speaking practicing pronunciation mic"
1779,"gramática","grammar",B1,noun,"grammar textbook open study desk"
1780,"ortografía","spelling / orthography",B1,noun,"dictionary checking correct spelling pencil"
1781,"significado","meaning / sense",B1,noun,"open dictionary pointing word definition"
1782,"definición","definition",B1,noun,"dictionary page entry definition word"
1783,"sinónimo","synonym",B1,noun,"connected word bubbles thesaurus study"
1784,"antónimo","antonym",B1,noun,"opposite arrows word concept black white"
1785,"contexto","context",B1,noun,"reading paragraph highlighted word context"
1786,"diálogo","dialogue / conversation",B1,noun,"two people speaking speech bubbles cafe"
1787,"conversación","conversation",B1,noun,"friends talking laughing coffee table"
1788,"comunicado","press release / statement",B1,noun,"official document press statement seal"
1789,"filosofía","philosophy",B2,noun,"thinker statue philosophy reflection"
1790,"psicología","psychology",B2,noun,"brain puzzle psychology concept"
1791,"sociología","sociology",B2,noun,"connected people social network"
1792,"antropología","anthropology",B2,noun,"ancient human skull museum excavation"
1793,"arqueología","archaeology",B2,noun,"archaeologist digging ancient ruins brush"
1794,"astronomía","astronomy",B2,noun,"stargazing observatory telescope galaxy"
1795,"astrofísica","astrophysics",B2,noun,"deep space galaxy black hole nebula"
1796,"biología","biology",B2,noun,"dna helix molecular biology lab"
1797,"química","chemistry",B2,noun,"chemistry lab flasks colorful liquids"
1798,"física","physics",B2,noun,"atom orbit quantum physics glowing"
1799,"matemáticas","mathematics",B2,noun,"advanced math formulas blackboard"
1800,"geometría","geometry",B2,noun,"compass architectural geometry drawings"
1801,"estadística","statistics",B2,noun,"statistical data chart graphs analytics"
1802,"algoritmo","algorithm",B2,noun,"computer code algorithm server screen"
1803,"inteligencia artificial","artificial intelligence",B2,noun,"ai robot brain glowing tech"
1804,"robótica","robotics",B2,noun,"robotic arm assembly factory line"
1805,"ciberseguridad","cybersecurity",B2,noun,"digital lock cyber security shield"
1806,"biotecnología","biotechnology",B2,noun,"biotech plant gene laboratory research"
1807,"genética","genetics",B2,noun,"dna sequence genetic code strand"
1808,"nanotecnología","nanotechnology",B2,noun,"microscopic nanotech molecular structure"
1809,"telecomunicación","telecommunication",B2,noun,"satellite dish antenna communication space"
1810,"redes","networks",B2,noun,"global digital network connections node"
1811,"servidor","server / host",B2,noun,"datacenter server racks glowing lights"
1812,"plataforma","platform",B2,noun,"digital cloud software platform dashboard"
1813,"software","software",B2,noun,"software development code editor screen"
1814,"hardware","hardware",B2,noun,"computer motherboard processor chip"
1815,"dispositivo","device",B2,noun,"modern smart digital devices desk"
1816,"interfaz","interface / UI",B2,noun,"user interface mobile design screen"
1817,"aplicación","application / app",B2,noun,"smartphone screen displaying apps"
1818,"base de datos","database",B2,noun,"database server storage cylinder data"
1819,"nube","cloud storage",B2,noun,"cloud computing data sync icon"
1820,"almacenamiento","storage",B2,noun,"high capacity ssd memory drive desk"
1821,"rendimiento","performance / yield",B2,noun,"speedometer performance gauge racing"
1822,"eficiencia","efficiency",B2,noun,"green energy efficiency scale chart"
1823,"optimización","optimization",B2,noun,"gear tuning process optimization"
1824,"innovación","innovation",B2,noun,"glowing lightbulb creative innovation idea"
1825,"vanguardia","vanguard / forefront",B2,noun,"futuristic architectural building glass"
1826,"tendencia","trend",B2,noun,"upward market trend graph arrow"
1827,"mercado","market / marketplace",B2,noun,"stock exchange trading floor screens"
1828,"capitalismo","capitalism",B2,noun,"stock market wall street building"
1829,"globalización","globalization",B2,noun,"digital network connected globe earth"
1830,"democracia","democracy",B2,noun,"voting ballot box democracy freedom"
1831,"soberanía","sovereignty",B2,noun,"national emblem crown constitution seal"
1832,"constitución","constitution",B2,noun,"historic constitution law book gavel"
1833,"parlamento","parliament",B2,noun,"parliament hall assembly seats debate"
1834,"senado","senate",B2,noun,"senate chamber debate seats podium"
1835,"congreso","congress",B2,noun,"capital congress dome building flags"
1836,"diplomacia","diplomacy",B2,noun,"diplomats shaking hands agreement flags"
1837,"embajada","embassy",B2,noun,"embassy building flags national seal"
1838,"tratado","treaty",B2,noun,"signing international treaty document pen"
1839,"alianza","alliance",B2,noun,"corporate strategic alliance handshake"
1840,"coalición","coalition",B2,noun,"party coalition leaders shaking hands"
1841,"sindicato","trade union",B2,noun,"union rally workers holding hands"
1842,"manifestación","public demonstration",B2,noun,"peaceful city march protest rally"
1843,"revolución","revolution",B2,noun,"historic crowd movement monument flag"
1844,"independencia","independence",B2,noun,"independence day fireworks celebration"
1845,"patriotismo","patriotism",B2,noun,"saluting national flag pride respect"
1846,"nacionalismo","nationalism",B2,noun,"waving national flag crowd celebration"
1847,"identidad","identity",B2,noun,"fingerprint biometric security identity"
1848,"personalidad","personality",B2,noun,"human face expressions diverse portraits"
1849,"carácter","character / nature",B2,noun,"confident person posture mountain peak"
1850,"temperamento","temperament",B2,noun,"artistic expressive face mood painting"
1851,"conducta","conduct / behavior",B2,noun,"honest business handshake ethical conduct"
1852,"comportamiento","behavior",B2,noun,"observing child behavior playing garden"
1853,"ética","ethics",B2,noun,"scales of justice business ethics balance"
1854,"moral","morals / morality",B2,noun,"helping hand moral support kindness"
1855,"actitud","attitude",B2,noun,"confident athlete ready start track"
1856,"motivación","motivation",B2,noun,"climber raising arms mountain peak"
1857,"inspiración","inspiration",B2,noun,"artist painting sunrise canvas ocean"
1858,"creatividad","creativity",B2,noun,"colorful paint splash art studio"
1859,"imaginación","imagination",B2,noun,"child wearing superhero cape flying"
1860,"curiosidad","curiosity",B2,noun,"child looking through magnifying glass nature"
1861,"sabiduría","wisdom",B2,noun,"wise elderly teacher reading old book"
1862,"inteligencia","intelligence",B2,noun,"glowing brain synapse connections idea"
1863,"conciencia","consciousness / awareness",B2,noun,"meditating person sunrise peaceful beach"
1864,"espiritualidad","spirituality",B2,noun,"zen stones balanced water sunset"
1865,"existencia","existence",B2,noun,"person contemplating starry night sky"
1866,"destino","destiny / fate",B2,noun,"pathway sun rising over mountains"
1867,"azar","chance / luck",B2,noun,"rolling dice game table luck"
1868,"casualidad","coincidence",B2,noun,"two matching puzzle pieces fitting"
1869,"probabilidad","probability",B2,noun,"probability percentage chart data"
1870,"certidumbre","certainty",B2,noun,"solid anchor ocean sea security"
1871,"duda","doubt / hesitation",B2,noun,"person looking at crossroad signs choice"
1872,"incertidumbre","uncertainty",B2,noun,"foggy road horizon decision path"
1873,"riesgo","venture / risk",B2,noun,"rock climber hanging cliff edge risk"
1874,"amenaza","threat",B2,noun,"dark storm clouds coming ocean coast"
1875,"desafío","challenge",B2,noun,"mountain climber tackling steep ridge"
1876,"reto","challenge / trial",B2,noun,"marathon runner approaching finish line"
1877,"obstáculo","obstacle",B2,noun,"runner hurdling obstacle track sport"
1878,"dificultad","difficulty",B2,noun,"climbing steep rock wall difficulty"
1879,"adversidad","adversity",B2,noun,"sprout growing out of dry cracked soil"
1880,"resiliencia","resilience",B2,noun,"green tree standing strong in storm"
1881,"superación","self-improvement",B2,noun,"person standing victorious mountain peak"
1882,"progreso","progress",B2,noun,"stairway leading up to glowing sky"
1883,"evolución","evolution",B2,noun,"human evolution timeline illustration"
1884,"transformación","transformation",B2,noun,"butterfly emerging from cocoon sprout"
1885,"cambio","metamorphosis",B2,noun,"autumn tree changing leaf colors"
1886,"impacto","impact",B2,noun,"meteorite crater impact crater space"
1887,"repercusión","repercussion",B2,noun,"water ripple effect pond concentric"
1888,"influencia","influence",B2,noun,"leader addressing crowd podium inspiring"
1889,"prestigio","prestige / reputation",B2,noun,"golden crest medal prestige luxury"
1890,"reputación","reputation",B2,noun,"five star gold review rating seal"
1891,"honor","honor / dignity",B2,noun,"military medal honor ribbon gold"
1892,"dignidad","dignity",B2,noun,"proud person standing tall horizon sun"
1893,"virtud","virtue",B2,noun,"white lily flower purity virtue garden"
1894,"mérito","merit / achievement",B2,noun,"trophy medal achievement certificate"
1895,"logro","achievement / accomplishment",B2,noun,"graduation cap raised diploma diploma"
1896,"hazaña","feat / deed",B2,noun,"heroic mountaineer summit flag peak"
1897,"triunfo","triumph",B2,noun,"victory parade confetti stadium win"
1898,"éxito","prosperity",B2,noun,"growing money tree coins green field"
1899,"prosperidad","prosperity",B2,noun,"abundant golden wheat harvest farm"
1900,"riqueza","wealth",B2,noun,"golden coins treasure chest vault"
1901,"abundancia","abundance",B2,noun,"fruit cornucopia abundant harvest table"
1902,"escasez","scarcity / shortage",B2,noun,"dry desert soil drought cracked ground"
1903,"pobreza","poverty",B2,noun,"helping hand food aid community charity"
1904,"desigualdad","inequality",B2,noun,"unbalanced scales of justice inequality"
1905,"injusticia","injustice",B2,noun,"broken gavel courtroom table justice"
1906,"corrupción","corruption",B2,noun,"bribe cash envelope briefcase dark"
1907,"transparencia","transparency",B2,noun,"clear crystal glass water light"
1908,"honestidad","honesty",B2,noun,"honest handshake business trust deal"
1909,"integridad","integrity",B2,noun,"solid marble pillar integrity building"
1910,"solidaridad","humanitarian aid",B2,noun,"volunteers delivering aid boxes disaster"
1911,"caridad","charity",B2,noun,"dropping coins donation box charity"
1912,"filantropía","philanthropy",B2,noun,"philanthropist signing donation check foundation"
1913,"voluntariado","volunteering",B2,noun,"volunteers planting green trees forest"
1914,"compromiso","engagement / pledge",B2,noun,"two hands clasped together pledge"
1915,"deber","duty",B2,noun,"soldier standing guard flag duty"
1916,"obligación","obligation",B2,noun,"signing legal obligation document pen"
1917,"responsabilidad","responsibility",B2,noun,"steering wheel holding hands driver"
1918,"autonomía","autonomy",B2,noun,"soaring bird sky freedom flight"
1919,"independencia","self-reliance",B2,noun,"hiker walking solo mountain trail"
1920,"libertad","liberty",B2,noun,"statue of liberty torch sky"
1921,"soberanía","national rule",B2,noun,"parliament building national flag flying"
1922,"autoridad","authority",B2,noun,"gavel judge bench courtroom authority"
1923,"poder","power",B2,noun,"lightning bolt storm sky power"
1924,"influencia","clout",B2,noun,"digital media influencer broadcasting mic"
1925,"liderazgo","guidance",B2,noun,"compass lighthouse guiding ship night"
1926,"estrategia","masterplan",B2,noun,"architect blueprint drafting table"
1927,"táctica","tactic",B2,noun,"soccer coach whiteboard tactics board"
1928,"plan","scheme / plan",B2,noun,"calendar schedule project plan desk"
1929,"propuesta","proposal",B2,noun,"business presentation slides pitch desk"
1930,"proyecto","enterprise",B2,noun,"team reviewing architectural blueprint model"
1931,"iniciativa","initiative",B2,noun,"sprout planted in soil green hands"
1932,"inversión","capital investment",B2,noun,"growing green plant coins investment"
1933,"financiación","financing",B2,noun,"banking loan agreement documents pen"
1934,"subvención","subsidy / grant",B2,noun,"grant check certificate research funding"
1935,"presupuesto","financial budget",B2,noun,"budget sheet calculation coins pen"
1936,"gastos","expenses",B2,noun,"calculating monthly expense receipts table"
1937,"ingresos","income / revenue",B2,noun,"rising chart green arrow money revenue"
1938,"ganancias","earnings",B2,noun,"handful of gold coins earnings"
1939,"beneficio","benefit / profit",B2,noun,"sprouting plant money coins profit"
1940,"rendimiento","return / yield",B2,noun,"wheat field golden harvest yield"
1941,"dividendo","dividend",B2,noun,"financial growth chart dividend payout"
1942,"acciones","shares / stocks",B2,noun,"stock market exchange tickers board"
1943,"bolsa","stock market",B2,noun,"wall street stock exchange floor traders"
1944,"inversor","investor",B2,noun,"investor reviewing market graph tablet"
1945,"accionista","shareholder",B2,noun,"shareholder meeting voting room desk"
1946,"socio","partner",B2,noun,"business partners shaking hands agreement"
1947,"aliado","ally",B2,noun,"two allies shaking hands flags"
1948,"rival","competitor",B2,noun,"athletes running track race competition"
1949,"competidor","market rival",B2,noun,"two runners sprinting finish line track"
1950,"cliente","patron",B2,noun,"happy client smiling restaurant desk"
1951,"consumidor","consumer",B2,noun,"shopper selecting products store aisle"
1952,"usuario","user",B2,noun,"person using smartphone digital app"
1953,"suscriptor","subscriber",B2,noun,"subscribing digital newsletter tablet click"
1954,"público","public / audience",B2,noun,"cheering audience theater concert hall"
1955,"audiencia","audience",B2,noun,"spectators in auditorium stadium applause"
1956,"espectador","viewer / spectator",B2,noun,"viewers watching movie cinema screen"
1957,"oyente","listener",B2,noun,"person listening radio headphones cozy"
1958,"lector","reader",B2,noun,"person reading book library cozy chair"
1959,"autor","author / writer",B2,noun,"writer typing novel laptop desk"
1960,"creador","creator",B2,noun,"digital content creator camera studio"
1961,"artista","artist",B2,noun,"painter color palette canvas easel"
1962,"músico","musician",B2,noun,"guitarist playing acoustic guitar stage"
1963,"escritor","writer",B2,noun,"vintage typewriter writing paper pages"
1964,"pensador","thinker",B2,noun,"rodin thinker statue sunset reflection"
1965,"investigador","researcher",B2,noun,"researcher looking microscope laboratory"
1966,"científico","scientist",B2,noun,"chemist holding lab flask experiment"
1967,"experto","expert / specialist",B2,noun,"specialist analyzing data charts desk"
1968,"especialista","specialist",B2,noun,"doctor specialist examining patient scan"
1969,"profesional","professional",B2,noun,"business professional laptop desk office"
1970,"técnico","technician",B2,noun,"technician repairing server circuit board"
1971,"ingeniero","structural engineer",B2,noun,"engineer inspecting construction bridge helmet"
1972,"arquitecto","master architect",B2,noun,"architect inspecting skyscraper building model"
1973,"diseñador","designer",B2,noun,"graphic designer tablet drawing stylus"
1974,"desarrollador","developer",B2,noun,"software developer coding two monitors"
1975,"programador","coder / programmer",B2,noun,"programmer typing code screen night"
1976,"administrador","administrator",B2,noun,"sysadmin managing server rack network"
1977,"peptón","pedestrian",A2,noun,"pedestrian crosswalk city"
1978,"anuncio","ad",B1,noun,"city billboard ad"
1979,"comunicado","press release",B1,noun,"official document release"
1980,"conversación","talk",B1,noun,"friends talking coffee"
1981,"diálogo","discussion",B1,noun,"two people talking"
1982,"contexto","background",B1,noun,"reading book context"
1983,"antónimo","opposite",B1,noun,"opposite arrows concept"
1984,"sinónimo","synonym",B1,noun,"connected words thesaurus"
1985,"definición","meaning",B1,noun,"dictionary definition page"
1986,"significado","sense",B1,noun,"open dictionary word"
1987,"ortografía","spelling",B1,noun,"checking dictionary spelling"
1988,"gramática","rules",B1,noun,"grammar book study"
1989,"pronunciación","speech sound",B1,noun,"practicing speech mic"
1990,"acento","stress mark",B1,noun,"typed spanish accent"
1991,"voz","sound",B1,noun,"glowing microphone voice"
1992,"sonido","audio wave",B1,noun,"audio sound wave"
1993,"letra","character",B1,B1,"metal letter blocks"
1994,"palabra","vocabulary item",B1,noun,"wooden spelling blocks"
1995,"oración","statement",B1,noun,"written sentence notebook"
1996,"frase","expression",B1,noun,"typewriter paper phrase"
1997,"vocablo","lexical item",B1,noun,"vocabulary learning book"
1998,"traducción","rendering",B1,noun,"translator dictionary writing"
1999,"administrador","manager / admin",B2,noun,"sysadmin server rack"
2000,"programador","software developer",B2,noun,"programmer typing code"
2001,"desarrollador","code developer",B2,noun,"software developer monitors"
2002,"diseñador","visual designer",B2,noun,"graphic designer tablet"
2003,"arquitecto","building architect",B2,noun,"architect model skyscraper"
2004,"ingeniero","tech engineer",B2,noun,"engineer construction bridge"
2005,"técnico","specialist technician",B2,noun,"technician repairing server"
2006,"profesional","industry professional",B2,noun,"business professional desk"
2007,"especialista","field expert",B2,noun,"specialist examining scan"
2008,"experto","authority",B2,noun,"specialist analyzing charts"
2009,"científico","lab scientist",B2,noun,"chemist holding lab flask"
2010,"investigador","field researcher",B2,noun,"researcher looking microscope"